site,category,subcategory,product_id,title,price,image_url,product_url
Imtiaz,Snacks & Confectionary,Biscuits & Wafers,364249,LU Wheatable Sugar Free S/P 6's Box,265.0,https://shop.imtiaz.com.pk/_next/image?url=https%3A%2F%2Fimtiaz-i.s3.ap-southeast-1.amazonaws.com%2F55126%2Fgallery%2FCON170000105.jpg&w=3840&q=90,
Imtiaz,Snacks & Confectionary,Biscuits & Wafers,364250,LU Wheatable S/P 6's Box,265.0,https://shop.imtiaz.com.pk/_next/image?url=https%3A%2F%2Fimtiaz-i.s3.ap-southeast-1.amazonaws.com%2F55126%2Fgallery%2FCON170000686.jpg&w=3840&q=90,
Imtiaz,Snacks & Confectionary,Biscuits & Wafers,366398,LU Wheatable Sugar Free F/P,89.0,https://shop.imtiaz.com.pk/_next/image?url=https%3A%2F%2Fimtiaz-i.s3.ap-southeast-1.amazonaws.com%2F55126%2Fgallery%2FCON170001254.jpg&w=3840&q=90,
Imtiaz,Snacks & Confectionary,Biscuits & Wafers,368136,Lu Wheatable F/P,89.0,https://shop.imtiaz.com.pk/_next/image?url=https%3A%2F%2Fimtiaz-i.s3.ap-southeast-1.amazonaws.com%2F55126%2Fgallery%2FCON170001253.jpg&w=3840&q=90,
Imtiaz,Snacks & Confectionary,Chocolates,368111,Candyland Choco Paradise Rs.20 12'S,199.0,https://shop.imtiaz.com.pk/_next/image?url=https%3A%2F%2Fimtiaz-i.s3.ap-southeast-1.amazonaws.com%2F55126%2Fgallery%2FCON170002201.jpg&w=3840&q=90,
Imtiaz,Snacks & Confectionary,Chips & Snacks,364205,Kernel Pop Popcorn Butter Blas 3x90g,475.0,https://shop.imtiaz.com.pk/_next/image?url=https%3A%2F%2Fimtiaz-i.s3.ap-southeast-1.amazonaws.com%2F55126%2Fgallery%2FEDG190000112.jpg&w=3840&q=90,
Imtiaz,Snacks & Confectionary,Chips & Snacks,366376,Korneez Butter Scotch 45g,99.0,https://shop.imtiaz.com.pk/_next/image?url=https%3A%2F%2Fimtiaz-i.s3.ap-southeast-1.amazonaws.com%2F55126%2Fgallery%2FCON170001421.jpg&w=3840&q=90,
Imtiaz,Snacks & Confectionary,Chips & Snacks,366383,Kernel Pop Popcorn Natural 3x90g,475.0,https://shop.imtiaz.com.pk/_next/image?url=https%3A%2F%2Fimtiaz-i.s3.ap-southeast-1.amazonaws.com%2F55126%2Fgallery%2FEDG190000093.jpg&w=3840&q=90,
Imtiaz,Snacks & Confectionary,Chips & Snacks,366384,Kernel Pop Popcorn Cheese 3x90g,475.0,https://shop.imtiaz.com.pk/_next/image?url=https%3A%2F%2Fimtiaz-i.s3.ap-southeast-1.amazonaws.com%2F55126%2Fgallery%2FEDG190000094.jpg&w=3840&q=90,
Imtiaz,Snacks & Confectionary,Chips & Snacks,366385,Kernel Pop Popcorn Caramel Coated Bucket 195g,339.0,https://shop.imtiaz.com.pk/_next/image?url=https%3A%2F%2Fimtiaz-i.s3.ap-southeast-1.amazonaws.com%2F55126%2Fgallery%2FEDG190000314.jpg&w=3840&q=90,
Imtiaz,Snacks & Confectionary,Chips & Snacks,366380,Korneez Cheese Popcorn 50g,99.0,https://shop.imtiaz.com.pk/_next/image?url=https%3A%2F%2Fimtiaz-i.s3.ap-southeast-1.amazonaws.com%2F55126%2Fdish_image%2F1689838441.jpg&w=3840&q=90,
Imtiaz,Snacks & Confectionary,Chips & Snacks,374951,Kernal Pop Kettle Popcorn Cheese 45g,55.0,https://shop.imtiaz.com.pk/_next/image?url=https%3A%2F%2Fimtiaz-i.s3.ap-southeast-1.amazonaws.com%2F55126%2Fgallery%2FEDG190002878.jpg&w=3840&q=90,
Imtiaz,Snacks & Confectionary,Chips & Snacks,364203,Kernel Pop Popcorn Cheese 90g,165.0,https://shop.imtiaz.com.pk/_next/image?url=https%3A%2F%2Fimtiaz-i.s3.ap-southeast-1.amazonaws.com%2F55126%2Fgallery%2FEDG190000099.jpg&w=3840&q=90,
Imtiaz,Snacks & Confectionary,Chips & Snacks,364206,Kernel Pop Popcorn Butter 90g,165.0,https://shop.imtiaz.com.pk/_next/image?url=https%3A%2F%2Fimtiaz-i.s3.ap-southeast-1.amazonaws.com%2F55126%2Fgallery%2FEDG190000100.jpg&w=3840&q=90,
Imtiaz,Snacks & Confectionary,Chips & Snacks,364207,Kernel Pop Popcorn Butter 80g Sachet,109.0,https://shop.imtiaz.com.pk/_next/image?url=https%3A%2F%2Fimtiaz-i.s3.ap-southeast-1.amazonaws.com%2F55126%2Fgallery%2FEDG190000205.jpg&w=3840&q=90,
Imtiaz,Snacks & Confectionary,Chips & Snacks,364204,Kernel Pop Popcorn Cheese 80g Sachet,109.0,https://shop.imtiaz.com.pk/_next/image?url=https%3A%2F%2Fimtiaz-i.s3.ap-southeast-1.amazonaws.com%2F55126%2Fgallery%2FEDG190000206.jpg&w=3840&q=90,
Imtiaz,Snacks & Confectionary,Chips & Snacks,368122,Kernel Pop Popcorn Jalapeno 90G,165.0,https://shop.imtiaz.com.pk/_next/image?url=https%3A%2F%2Fimtiaz-i.s3.ap-southeast-1.amazonaws.com%2F55126%2Fgallery%2FEDG190000270.jpg&w=3840&q=90,
Imtiaz,Beverages,Carbonated Soft Drinks,364496,Murree Brewery's Beer Lemon Malt N/R 250ml,79.0,https://shop.imtiaz.com.pk/_next/image?url=https%3A%2F%2Fimtiaz-i.s3.ap-southeast-1.amazonaws.com%2F55126%2Fgallery%2FBEV110000944.jpg&w=3840&q=90,
Imtiaz,Beverages,Carbonated Soft Drinks,364498,Murree Brewery's Drink Big Apple PET 500ml,78.0,https://shop.imtiaz.com.pk/_next/image?url=https%3A%2F%2Fimtiaz-i.s3.ap-southeast-1.amazonaws.com%2F55126%2Fgallery%2FBEV110000123.jpg&w=3840&q=90,
Imtiaz,Beverages,Carbonated Soft Drinks,366556,Murree Brewery's Beer Apple Malt N/R 300ml,79.0,https://shop.imtiaz.com.pk/_next/image?url=https%3A%2F%2Fimtiaz-i.s3.ap-southeast-1.amazonaws.com%2F55126%2Fgallery%2FBEV110000938.jpg&w=3840&q=90,
Imtiaz,Beverages,Carbonated Soft Drinks,366558,Murree Brewery's Drink Big Apple PET 1500ml,155.0,https://shop.imtiaz.com.pk/_next/image?url=https%3A%2F%2Fimtiaz-i.s3.ap-southeast-1.amazonaws.com%2F55126%2Fgallery%2FBEV110000117.jpg&w=3840&q=90,
Imtiaz,Beverages,Carbonated Soft Drinks,368319,Murree Brewery's Beer Can Peach Malt 250ml,82.0,https://shop.imtiaz.com.pk/_next/image?url=https%3A%2F%2Fimtiaz-i.s3.ap-southeast-1.amazonaws.com%2F55126%2Fgallery%2FBEV110000965.jpg&w=3840&q=90,
Imtiaz,Beverages,Carbonated Soft Drinks,368321,Murree Brewery'S Drink Lemon Malt 500Ml,105.0,https://shop.imtiaz.com.pk/_next/image?url=https%3A%2F%2Fimtiaz-i.s3.ap-southeast-1.amazonaws.com%2F55126%2Fgallery%2FBEV110000947.jpg&w=3840&q=90,
Imtiaz,Beverages,Carbonated Soft Drinks,368323,Murree Brewery's Beer Can Lemon Malt 250ml,82.0,https://shop.imtiaz.com.pk/_next/image?url=https%3A%2F%2Fimtiaz-i.s3.ap-southeast-1.amazonaws.com%2F55126%2Fgallery%2FBEV110000941.jpg&w=3840&q=90,
Imtiaz,Beverages,Carbonated Soft Drinks,368327,Murree Brewery's Drink Can Big Lychee 250ml,82.0,https://shop.imtiaz.com.pk/_next/image?url=https%3A%2F%2Fimtiaz-i.s3.ap-southeast-1.amazonaws.com%2F55126%2Fgallery%2FBEV110000156.jpg&w=3840&q=90,
Imtiaz,Beverages,Carbonated Soft Drinks,368326,Murree Brewery's Beer Pineapple Malt N/R 250ml,79.0,https://shop.imtiaz.com.pk/_next/image?url=https%3A%2F%2Fimtiaz-i.s3.ap-southeast-1.amazonaws.com%2F55126%2Fgallery%2FBEV110000975.jpg&w=3840&q=90,
Imtiaz,Beverages,Carbonated Soft Drinks,368324,Murree Brewery's Beer Strawberry Malt N/R 250ml,79.0,https://shop.imtiaz.com.pk/_next/image?url=https%3A%2F%2Fimtiaz-i.s3.ap-southeast-1.amazonaws.com%2F55126%2Fgallery%2FBEV110000950.jpg&w=3840&q=90,
Imtiaz,Beverages,Carbonated Soft Drinks,368322,Murree Brewery's Beer Malt79 N/R 250ml,79.0,https://shop.imtiaz.com.pk/_next/image?url=https%3A%2F%2Fimtiaz-i.s3.ap-southeast-1.amazonaws.com%2F55126%2Fgallery%2FBEV110000939.jpg&w=3840&q=90,
Imtiaz,Beverages,Carbonated Soft Drinks,366557,Murree Brewery's Beer Cindy N/R 250ml,79.0,https://shop.imtiaz.com.pk/_next/image?url=https%3A%2F%2Fimtiaz-i.s3.ap-southeast-1.amazonaws.com%2F55126%2Fgallery%2FBEV110000940.jpg&w=3840&q=90,
Imtiaz,Beverages,Juices & Nectars,363666,Popular Junior Fruit Drink Apple 125ml,25.0,https://shop.imtiaz.com.pk/_next/image?url=https%3A%2F%2Fimtiaz-i.s3.ap-southeast-1.amazonaws.com%2F55126%2Fgallery%2FBEV110000404.jpg&w=3840&q=90,
Imtiaz,Beverages,Juices & Nectars,363670,Slice Fruit Drink Mango 355ml,57.0,https://shop.imtiaz.com.pk/_next/image?url=https%3A%2F%2Fimtiaz-i.s3.ap-southeast-1.amazonaws.com%2F55126%2Fgallery%2FBEV110000333.jpg&w=3840&q=90,
Imtiaz,Beverages,Juices & Nectars,363676,Slice Fruit Drink Mango Tetra 200ml,41.0,https://shop.imtiaz.com.pk/_next/image?url=https%3A%2F%2Fimtiaz-i.s3.ap-southeast-1.amazonaws.com%2F55126%2Fgallery%2FBEV110000334.jpg&w=3840&q=90,
Imtiaz,Beverages,Juices & Nectars,364457,Nestle Gold Nectar FV Red Anaar 1000ml,469.0,https://shop.imtiaz.com.pk/_next/image?url=https%3A%2F%2Fimtiaz-i.s3.ap-southeast-1.amazonaws.com%2F55126%2Fgallery%2FBEV110000633.jpg&w=3840&q=90,
Imtiaz,Beverages,Juices & Nectars,364463,Quice Fruit Drink Perfect Mango 200ml,40.0,https://shop.imtiaz.com.pk/_next/image?url=https%3A%2F%2Fimtiaz-i.s3.ap-southeast-1.amazonaws.com%2F55126%2Fgallery%2FBEV110001404.jpg&w=3840&q=90,
Imtiaz,Beverages,Juices & Nectars,364464,Nestle Gold Nectar FV Red Grape 1Ltr,449.0,https://shop.imtiaz.com.pk/_next/image?url=https%3A%2F%2Fimtiaz-i.s3.ap-southeast-1.amazonaws.com%2F55126%2Fgallery%2FBEV110000627.jpg&w=3840&q=90,
Imtiaz,Beverages,Juices & Nectars,364465,Nestle Gold Nectar FV Pineapple Gold 1Ltr,469.0,https://shop.imtiaz.com.pk/_next/image?url=https%3A%2F%2Fimtiaz-i.s3.ap-southeast-1.amazonaws.com%2F55126%2Fgallery%2FBEV110000632.jpg&w=3840&q=90,
Imtiaz,Beverages,Juices & Nectars,364467,Popular Maza Fruit Drink Mango Orange 250ml,48.0,https://shop.imtiaz.com.pk/_next/image?url=https%3A%2F%2Fimtiaz-i.s3.ap-southeast-1.amazonaws.com%2F55126%2Fgallery%2FBEV110000332.jpg&w=3840&q=90,
Imtiaz,Beverages,Juices & Nectars,364472,Popular Maza Juice Apple Supremo 250ml,48.0,https://shop.imtiaz.com.pk/_next/image?url=https%3A%2F%2Fimtiaz-i.s3.ap-southeast-1.amazonaws.com%2F55126%2Fgallery%2FBEV110000330.jpg&w=3840&q=90,
Imtiaz,Beverages,Juices & Nectars,364484,Nestle Gold Nectar FV Red Grape 200ml,69.0,https://shop.imtiaz.com.pk/_next/image?url=https%3A%2F%2Fimtiaz-i.s3.ap-southeast-1.amazonaws.com%2F55126%2Fgallery%2FBEV110000628.jpg&w=3840&q=90,
Imtiaz,Beverages,Juices & Nectars,364486,Quice Juice Fruit Punch 250ml,35.0,https://shop.imtiaz.com.pk/_next/image?url=https%3A%2F%2Fimtiaz-i.s3.ap-southeast-1.amazonaws.com%2F55126%2Fgallery%2FBEV110000380.jpg&w=3840&q=90,
Imtiaz,Beverages,Juices & Nectars,364487,Nestle Drink Nesfruta Apple 200ml,49.0,https://shop.imtiaz.com.pk/_next/image?url=https%3A%2F%2Fimtiaz-i.s3.ap-southeast-1.amazonaws.com%2F55126%2Fgallery%2FBEV110000321.jpg&w=3840&q=90,
Imtiaz,Beverages,Juices & Nectars,364491,Popular Maza Juice Mango King 250ml,40.0,https://shop.imtiaz.com.pk/_next/image?url=https%3A%2F%2Fimtiaz-i.s3.ap-southeast-1.amazonaws.com%2F55126%2Fgallery%2FBEV110000331.jpg&w=3840&q=90,
Imtiaz,Beverages,Juices & Nectars,366550,Haleeb Fruit Drink Chaunsa Chaunsa 1Ltr,209.0,https://shop.imtiaz.com.pk/_next/image?url=https%3A%2F%2Fimtiaz-i.s3.ap-southeast-1.amazonaws.com%2F55126%2Fgallery%2FBEV110000258.jpg&w=3840&q=90,
Imtiaz,Beverages,Juices & Nectars,368291,Popular Maza Fruit Drink Peach 200Ml,40.0,https://shop.imtiaz.com.pk/_next/image?url=https%3A%2F%2Fimtiaz-i.s3.ap-southeast-1.amazonaws.com%2F55126%2Fgallery%2FBEV110000524.jpg&w=3840&q=90,
Imtiaz,Beverages,Juices & Nectars,368299,Popular Maza Fruit Drink Chaunsa 200Ml,49.0,https://shop.imtiaz.com.pk/_next/image?url=https%3A%2F%2Fimtiaz-i.s3.ap-southeast-1.amazonaws.com%2F55126%2Fgallery%2FBEV110000342.jpg&w=3840&q=90,
Imtiaz,Beverages,Juices & Nectars,368300,Haleeb Fruit Drink Apple Apple 1Ltr,209.0,https://shop.imtiaz.com.pk/_next/image?url=https%3A%2F%2Fimtiaz-i.s3.ap-southeast-1.amazonaws.com%2F55126%2Fgallery%2FBEV110000257.jpg&w=3840&q=90,
Imtiaz,Beverages,Juices & Nectars,370110,Daani Float Chaunsa Can 250ml,119.0,https://shop.imtiaz.com.pk/_next/image?url=https%3A%2F%2Fimtiaz-i.s3.ap-southeast-1.amazonaws.com%2F55126%2Fgallery%2FBEV110000624.jpg&w=3840&q=90,
Imtiaz,Beverages,Juices & Nectars,370116,Popular Real Froot Fruit Drink Red Grape 200ml,48.0,https://shop.imtiaz.com.pk/_next/image?url=https%3A%2F%2Fimtiaz-i.s3.ap-southeast-1.amazonaws.com%2F55126%2Fgallery%2FBEV110000302.jpg&w=3840&q=90,
Imtiaz,Beverages,Juices & Nectars,364459,Nestle Nectar FV 100% Orange 1Ltr,449.0,https://shop.imtiaz.com.pk/_next/image?url=https%3A%2F%2Fimtiaz-i.s3.ap-southeast-1.amazonaws.com%2F55126%2Fgallery%2FBEV110000569.jpg&w=3840&q=90,
Imtiaz,Beverages,Juices & Nectars,364468,Haleeb Fruit Drink Chaunsa Chaunsa 200ml,45.0,https://shop.imtiaz.com.pk/_next/image?url=https%3A%2F%2Fimtiaz-i.s3.ap-southeast-1.amazonaws.com%2F55126%2Fgallery%2FBEV110000253.jpg&w=3840&q=90,
Imtiaz,Beverages,Juices & Nectars,366549,Haleeb Fruit Drink Apple Apple 200ml,45.0,https://shop.imtiaz.com.pk/_next/image?url=https%3A%2F%2Fimtiaz-i.s3.ap-southeast-1.amazonaws.com%2F55126%2Fgallery%2FBEV110000254.jpg&w=3840&q=90,
Imtiaz,Beverages,Juices & Nectars,364462,Quice Perfect Juice Red Anaar 200ml,40.0,https://shop.imtiaz.com.pk/_next/image?url=https%3A%2F%2Fimtiaz-i.s3.ap-southeast-1.amazonaws.com%2F55126%2Fgallery%2FBEV110000266.jpg&w=3840&q=90,
Imtiaz,Beverages,Juices & Nectars,364473,Quice Perfect Juice Apple 200ml,40.0,https://shop.imtiaz.com.pk/_next/image?url=https%3A%2F%2Fimtiaz-i.s3.ap-southeast-1.amazonaws.com%2F55126%2Fgallery%2FBEV110000271.jpg&w=3840&q=90,
Imtiaz,Beverages,Sports Drink,364452,Gatorade Sport Drink Tropical Fruit Local 500ml,95.0,"data:image/gif;base64,R0lGODlhAQABAIAAAAAAAP///yH5BAEAAAAALAAAAAABAAEAAAIBRAA7",
Imtiaz,Beverages,Sports Drink,364453,Gatorade Sport Drink Blue Bolt Local 500ml,95.0,"data:image/gif;base64,R0lGODlhAQABAIAAAAAAAP///yH5BAEAAAAALAAAAAABAAEAAAIBRAA7",
Imtiaz,Beverages,Water,363658,Dasani Mineral Water 1500ml,75.0,"data:image/gif;base64,R0lGODlhAQABAIAAAAAAAP///yH5BAEAAAAALAAAAAABAAEAAAIBRAA7",
Imtiaz,Beverages,Water,363661,Dasani Mineral Water 500ml,40.0,"data:image/gif;base64,R0lGODlhAQABAIAAAAAAAP///yH5BAEAAAAALAAAAAABAAEAAAIBRAA7",
Imtiaz,Beverages,Water,363662,Nestle Mineral Water 1500ml,89.0,"data:image/gif;base64,R0lGODlhAQABAIAAAAAAAP///yH5BAEAAAAALAAAAAABAAEAAAIBRAA7",
Imtiaz,Beverages,Water,363659,Aquafina Pure Drinking Water 330ml,29.0,"data:image/gif;base64,R0lGODlhAQABAIAAAAAAAP///yH5BAEAAAAALAAAAAABAAEAAAIBRAA7",
Imtiaz,Beverages,Water,363665,Aquafina Mineral Water 500ml,40.0,"data:image/gif;base64,R0lGODlhAQABAIAAAAAAAP///yH5BAEAAAAALAAAAAABAAEAAAIBRAA7",
Imtiaz,Beverages,Water,363663,Aquafina Mineral Water 1500ml,75.0,"data:image/gif;base64,R0lGODlhAQABAIAAAAAAAP///yH5BAEAAAAALAAAAAABAAEAAAIBRAA7",
Imtiaz,Beverages,Water,363664,Nestle Mineral Water 500ml,47.0,"data:image/gif;base64,R0lGODlhAQABAIAAAAAAAP///yH5BAEAAAAALAAAAAABAAEAAAIBRAA7",
Imtiaz,Beverages,Water,370107,Masafi Mineral Water 1500ml.,249.0,"data:image/gif;base64,R0lGODlhAQABAIAAAAAAAP///yH5BAEAAAAALAAAAAABAAEAAAIBRAA7",
Imtiaz,Tea & Coffee,Tea,367894,Tapal Green Tea Jasmine Jar 100g,275.0,"data:image/gif;base64,R0lGODlhAQABAIAAAAAAAP///yH5BAEAAAAALAAAAAABAAEAAAIBRAA7",
Imtiaz,Tea & Coffee,Tea,368341,Tapal Green Tea Bags Mint 30'S,239.0,"data:image/gif;base64,R0lGODlhAQABAIAAAAAAAP///yH5BAEAAAAALAAAAAABAAEAAAIBRAA7",
Imtiaz,Tea & Coffee,Tea,368342,Tapal Green Tea Bags Tropical Peach 30'S,239.0,"data:image/gif;base64,R0lGODlhAQABAIAAAAAAAP///yH5BAEAAAAALAAAAAABAAEAAAIBRAA7",
Imtiaz,Tea & Coffee,Tea,368343,Tapal Green Tea Bags Ginger Honey 30'S,239.0,"data:image/gif;base64,R0lGODlhAQABAIAAAAAAAP///yH5BAEAAAAALAAAAAABAAEAAAIBRAA7",
Imtiaz,Tea & Coffee,Tea,370217,Tapal Green Tea Bags Elaichi 30's,239.0,"data:image/gif;base64,R0lGODlhAQABAIAAAAAAAP///yH5BAEAAAAALAAAAAABAAEAAAIBRAA7",
Imtiaz,Tea & Coffee,Tea,364596,Tapal Green Tea Gulbahar 28g,48.0,"data:image/gif;base64,R0lGODlhAQABAIAAAAAAAP///yH5BAEAAAAALAAAAAABAAEAAAIBRAA7",
Imtiaz,Tea & Coffee,Tea,367895,Tapal Green Tea Bags Lemon 30's,239.0,"data:image/gif;base64,R0lGODlhAQABAIAAAAAAAP///yH5BAEAAAAALAAAAAABAAEAAAIBRAA7",
Imtiaz,Tea & Coffee,Tea,370218,Tapal Green Tea Bags Pure Green 30's,239.0,"data:image/gif;base64,R0lGODlhAQABAIAAAAAAAP///yH5BAEAAAAALAAAAAABAAEAAAIBRAA7",
Imtiaz,Tea & Coffee,Tea,367892,Tapal Green Tea Bags Selection Pack 32's,249.0,"data:image/gif;base64,R0lGODlhAQABAIAAAAAAAP///yH5BAEAAAAALAAAAAABAAEAAAIBRAA7",
Imtiaz,Tea & Coffee,Tea,367891,Tapal Green Tea LemonGrass Jar 100g,275.0,"data:image/gif;base64,R0lGODlhAQABAIAAAAAAAP///yH5BAEAAAAALAAAAAABAAEAAAIBRAA7",
Imtiaz,Tea & Coffee,Coffee,364594,Nescafe Coffee Classic Local 100g,2035.0,"data:image/gif;base64,R0lGODlhAQABAIAAAAAAAP///yH5BAEAAAAALAAAAAABAAEAAAIBRAA7",
Imtiaz,Tea & Coffee,Coffee,366981,Nescafe Coffee Classic Local Round 200g,3749.0,"data:image/gif;base64,R0lGODlhAQABAIAAAAAAAP///yH5BAEAAAAALAAAAAABAAEAAAIBRAA7",
Imtiaz,Tea & Coffee,Coffee,374873,Imtiaz Coffee Classic 85g,1599.0,"data:image/gif;base64,R0lGODlhAQABAIAAAAAAAP///yH5BAEAAAAALAAAAAABAAEAAAIBRAA7",
Imtiaz,Tea & Coffee,Coffee,374870,Imtiaz Coffee Classic 50g,899.0,"data:image/gif;base64,R0lGODlhAQABAIAAAAAAAP///yH5BAEAAAAALAAAAAABAAEAAAIBRAA7",
Imtiaz,Tea & Coffee,Instant Tea & Coffee,363736,Nescafe Coffee Creamy 3in1 Sachet 22g,68.0,"data:image/gif;base64,R0lGODlhAQABAIAAAAAAAP///yH5BAEAAAAALAAAAAABAAEAAAIBRAA7",
Imtiaz,Tea & Coffee,Instant Tea & Coffee,363734,Tapal Tea Danedar Elaichi 3in1 20g,90.0,"data:image/gif;base64,R0lGODlhAQABAIAAAAAAAP///yH5BAEAAAAALAAAAAABAAEAAAIBRAA7",
Imtiaz,Tea & Coffee,Tea Whiteners,363731,Everyday Tea Whitener Mixed Tea 560g,1149.0,"data:image/gif;base64,R0lGODlhAQABAIAAAAAAAP///yH5BAEAAAAALAAAAAABAAEAAAIBRAA7",
Imtiaz,Tea & Coffee,Tea Whiteners,363732,Everyday Tea Whitener 850g,1629.0,"data:image/gif;base64,R0lGODlhAQABAIAAAAAAAP///yH5BAEAAAAALAAAAAABAAEAAAIBRAA7",
Imtiaz,Tea & Coffee,Tea Whiteners,363733,Tarang Milk 220ml,58.0,"data:image/gif;base64,R0lGODlhAQABAIAAAAAAAP///yH5BAEAAAAALAAAAAABAAEAAAIBRAA7",
Imtiaz,Tea & Coffee,Tea Whiteners,364582,Everyday Tea Whitener 1800g,3389.0,"data:image/gif;base64,R0lGODlhAQABAIAAAAAAAP///yH5BAEAAAAALAAAAAABAAEAAAIBRAA7",
Imtiaz,Tea & Coffee,Tea Whiteners,364583,Everyday Tea Whitener 1200g,2279.0,"data:image/gif;base64,R0lGODlhAQABAIAAAAAAAP///yH5BAEAAAAALAAAAAABAAEAAAIBRAA7",
Imtiaz,Tea & Coffee,Tea Whiteners,364585,Everyday Tea Whitener 350g,719.0,"data:image/gif;base64,R0lGODlhAQABAIAAAAAAAP///yH5BAEAAAAALAAAAAABAAEAAAIBRAA7",
Imtiaz,Tea & Coffee,Tea Whiteners,364586,Everyday Tea Whitener Mixed Tea 230g,479.0,"data:image/gif;base64,R0lGODlhAQABAIAAAAAAAP///yH5BAEAAAAALAAAAAABAAEAAAIBRAA7",
Imtiaz,Edible Grocery,Pulses & Grains,363403,Ponam Black Eyed Beans (White Lobia) 500g,169.0,"data:image/gif;base64,R0lGODlhAQABAIAAAAAAAP///yH5BAEAAAAALAAAAAABAAEAAAIBRAA7",
Imtiaz,Edible Grocery,Pulses & Grains,363404,Ponam Masoor Whole 1000g,249.0,"data:image/gif;base64,R0lGODlhAQABAIAAAAAAAP///yH5BAEAAAAALAAAAAABAAEAAAIBRAA7",
Imtiaz,Edible Grocery,Pulses & Grains,363405,Ponam Chana Black 1000g,229.0,"data:image/gif;base64,R0lGODlhAQABAIAAAAAAAP///yH5BAEAAAAALAAAAAABAAEAAAIBRAA7",
Imtiaz,Edible Grocery,Pulses & Grains,363406,Ponam Chana White B-9 1000g,245.0,"data:image/gif;base64,R0lGODlhAQABAIAAAAAAAP///yH5BAEAAAAALAAAAAABAAEAAAIBRAA7",
Imtiaz,Edible Grocery,Pulses & Grains,363407,Ponam Chana White B-9 500g,125.0,"data:image/gif;base64,R0lGODlhAQABAIAAAAAAAP///yH5BAEAAAAALAAAAAABAAEAAAIBRAA7",
Imtiaz,Edible Grocery,Pulses & Grains,363408,Ponam Chana Black 500g,119.0,"data:image/gif;base64,R0lGODlhAQABAIAAAAAAAP///yH5BAEAAAAALAAAAAABAAEAAAIBRAA7",
Imtiaz,Edible Grocery,Pulses & Grains,363409,Ponam Dal Mash 500g,183.0,"data:image/gif;base64,R0lGODlhAQABAIAAAAAAAP///yH5BAEAAAAALAAAAAABAAEAAAIBRAA7",
Imtiaz,Edible Grocery,Pulses & Grains,363410,Ponam Masoor Whole 500g,125.0,"data:image/gif;base64,R0lGODlhAQABAIAAAAAAAP///yH5BAEAAAAALAAAAAABAAEAAAIBRAA7",
Imtiaz,Edible Grocery,Pulses & Grains,363411,Ponam Red Kidney Beans (Lobia) 500g,239.0,"data:image/gif;base64,R0lGODlhAQABAIAAAAAAAP///yH5BAEAAAAALAAAAAABAAEAAAIBRAA7",
Imtiaz,Edible Grocery,Pulses & Grains,363413,Ponam Dal Moong 1000g,365.0,"data:image/gif;base64,R0lGODlhAQABAIAAAAAAAP///yH5BAEAAAAALAAAAAABAAEAAAIBRAA7",
Imtiaz,Edible Grocery,Pulses & Grains,363414,Ponam Chana White Supreme 500g,199.0,"data:image/gif;base64,R0lGODlhAQABAIAAAAAAAP///yH5BAEAAAAALAAAAAABAAEAAAIBRAA7",
Imtiaz,Edible Grocery,Pulses & Grains,363415,Ponam Chana White Supreme 1000g,399.0,"data:image/gif;base64,R0lGODlhAQABAIAAAAAAAP///yH5BAEAAAAALAAAAAABAAEAAAIBRAA7",
Imtiaz,Edible Grocery,Pulses & Grains,364858,Ponam Moong Whole 500g,175.0,"data:image/gif;base64,R0lGODlhAQABAIAAAAAAAP///yH5BAEAAAAALAAAAAABAAEAAAIBRAA7",
Imtiaz,Edible Grocery,Pulses & Grains,364859,Ponam Dal Moong Chilka 500g,180.0,"data:image/gif;base64,R0lGODlhAQABAIAAAAAAAP///yH5BAEAAAAALAAAAAABAAEAAAIBRAA7",
Imtiaz,Edible Grocery,Pulses & Grains,364860,Ponam Dal Mix 500g,189.0,"data:image/gif;base64,R0lGODlhAQABAIAAAAAAAP///yH5BAEAAAAALAAAAAABAAEAAAIBRAA7",
Imtiaz,Edible Grocery,Pulses & Grains,364861,Ponam Gandum 500g,75.0,"data:image/gif;base64,R0lGODlhAQABAIAAAAAAAP///yH5BAEAAAAALAAAAAABAAEAAAIBRAA7",
Imtiaz,Edible Grocery,Pulses & Grains,364862,Ponam Dal Mash 1000g,359.0,"data:image/gif;base64,R0lGODlhAQABAIAAAAAAAP///yH5BAEAAAAALAAAAAABAAEAAAIBRAA7",
Imtiaz,Edible Grocery,Pulses & Grains,366138,Ponam Dal Mash Chilka Black 500g,183.0,"data:image/gif;base64,R0lGODlhAQABAIAAAAAAAP///yH5BAEAAAAALAAAAAABAAEAAAIBRAA7",
Imtiaz,Edible Grocery,Pulses & Grains,366139,Ponam Dal Mash Whole 500g,183.0,"data:image/gif;base64,R0lGODlhAQABAIAAAAAAAP///yH5BAEAAAAALAAAAAABAAEAAAIBRAA7",
Imtiaz,Edible Grocery,Noodles & Pasta,363461,Bake Parlor Macaroni Twisted 400g,169.0,"data:image/gif;base64,R0lGODlhAQABAIAAAAAAAP///yH5BAEAAAAALAAAAAABAAEAAAIBRAA7",
Imtiaz,Edible Grocery,Noodles & Pasta,363462,Bake Parlor Macaroni Elbow 400g,169.0,"data:image/gif;base64,R0lGODlhAQABAIAAAAAAAP///yH5BAEAAAAALAAAAAABAAEAAAIBRAA7",
Imtiaz,Edible Grocery,Noodles & Pasta,364925,Crispo Macaroni Twist 400g,145.0,"data:image/gif;base64,R0lGODlhAQABAIAAAAAAAP///yH5BAEAAAAALAAAAAABAAEAAAIBRAA7",
Imtiaz,Edible Grocery,Noodles & Pasta,364926,Kolson Lasagne 370g,316.0,"data:image/gif;base64,R0lGODlhAQABAIAAAAAAAP///yH5BAEAAAAALAAAAAABAAEAAAIBRAA7",
Imtiaz,Edible Grocery,Noodles & Pasta,364928,Bake Parlor Lasagne 400g,299.0,"data:image/gif;base64,R0lGODlhAQABAIAAAAAAAP///yH5BAEAAAAALAAAAAABAAEAAAIBRAA7",
Imtiaz,Edible Grocery,Noodles & Pasta,364929,Bake Parlor Macaroni Spirals 400g,169.0,"data:image/gif;base64,R0lGODlhAQABAIAAAAAAAP///yH5BAEAAAAALAAAAAABAAEAAAIBRAA7",
Imtiaz,Edible Grocery,Noodles & Pasta,364931,Kolson Pasta Roasted 300g,79.0,"data:image/gif;base64,R0lGODlhAQABAIAAAAAAAP///yH5BAEAAAAALAAAAAABAAEAAAIBRAA7",
Imtiaz,Edible Grocery,Noodles & Pasta,364932,Bake Parlor Pasta Roasted Cut Vermicelli 350g,85.0,"data:image/gif;base64,R0lGODlhAQABAIAAAAAAAP///yH5BAEAAAAALAAAAAABAAEAAAIBRAA7",
Imtiaz,Edible Grocery,Noodles & Pasta,364933,Kolson Macaroni Shell Bag (L) 400g,182.0,"data:image/gif;base64,R0lGODlhAQABAIAAAAAAAP///yH5BAEAAAAALAAAAAABAAEAAAIBRAA7",
Imtiaz,Edible Grocery,Noodles & Pasta,364934,Bake Parlor Macaroni Fusilli 400g,169.0,"data:image/gif;base64,R0lGODlhAQABAIAAAAAAAP///yH5BAEAAAAALAAAAAABAAEAAAIBRAA7",
Imtiaz,Edible Grocery,Noodles & Pasta,364935,Bake Parlor Macaroni Penne 400g,169.0,"data:image/gif;base64,R0lGODlhAQABAIAAAAAAAP///yH5BAEAAAAALAAAAAABAAEAAAIBRAA7",
Imtiaz,Edible Grocery,Noodles & Pasta,364936,Bake Parlor Macaroni Shell 400g,169.0,"data:image/gif;base64,R0lGODlhAQABAIAAAAAAAP///yH5BAEAAAAALAAAAAABAAEAAAIBRAA7",
Imtiaz,Edible Grocery,Noodles & Pasta,364937,Kolson Macaroni Elbow Twisted Bag (M) 400g,182.0,"data:image/gif;base64,R0lGODlhAQABAIAAAAAAAP///yH5BAEAAAAALAAAAAABAAEAAAIBRAA7",
Imtiaz,Edible Grocery,Noodles & Pasta,364938,Kolson Macaroni Penne Bag 400g,182.0,"data:image/gif;base64,R0lGODlhAQABAIAAAAAAAP///yH5BAEAAAAALAAAAAABAAEAAAIBRAA7",
Imtiaz,Edible Grocery,Noodles & Pasta,364939,Bake Parlor Macaroni Tikka 250g,125.0,"data:image/gif;base64,R0lGODlhAQABAIAAAAAAAP///yH5BAEAAAAALAAAAAABAAEAAAIBRAA7",
Imtiaz,Edible Grocery,Noodles & Pasta,364940,Kolson Macaroni Elbow Bag (L) 400g,182.0,"data:image/gif;base64,R0lGODlhAQABAIAAAAAAAP///yH5BAEAAAAALAAAAAABAAEAAAIBRAA7",
Imtiaz,Edible Grocery,Noodles & Pasta,366204,Bake Parlor Macaroni Seven Spice 250g,125.0,"data:image/gif;base64,R0lGODlhAQABAIAAAAAAAP///yH5BAEAAAAALAAAAAABAAEAAAIBRAA7",
Imtiaz,Edible Grocery,Noodles & Pasta,366205,Bake Parlor Macaroni Jalfrezi 250g,125.0,"data:image/gif;base64,R0lGODlhAQABAIAAAAAAAP///yH5BAEAAAAALAAAAAABAAEAAAIBRAA7",
Imtiaz,Edible Grocery,Noodles & Pasta,366207,Kolson Macaroni Green Tikka Box 250g,122.0,"data:image/gif;base64,R0lGODlhAQABAIAAAAAAAP///yH5BAEAAAAALAAAAAABAAEAAAIBRAA7",
Imtiaz,Edible Grocery,Noodles & Pasta,366208,Bake Parlor Macaroni Bihari Tikka 250g,125.0,"data:image/gif;base64,R0lGODlhAQABAIAAAAAAAP///yH5BAEAAAAALAAAAAABAAEAAAIBRAA7",
Imtiaz,Edible Grocery,Noodles & Pasta,366209,Bake Parlor Macaroni Malai Tikka 250g,125.0,"data:image/gif;base64,R0lGODlhAQABAIAAAAAAAP///yH5BAEAAAAALAAAAAABAAEAAAIBRAA7",
Imtiaz,Edible Grocery,Noodles & Pasta,366211,Crispo Macaroni Shell 400g,145.0,"data:image/gif;base64,R0lGODlhAQABAIAAAAAAAP///yH5BAEAAAAALAAAAAABAAEAAAIBRAA7",
Imtiaz,Edible Grocery,Noodles & Pasta,366212,Crispo Macaroni Elbow 400g,145.0,"data:image/gif;base64,R0lGODlhAQABAIAAAAAAAP///yH5BAEAAAAALAAAAAABAAEAAAIBRAA7",
Imtiaz,Edible Grocery,Noodles & Pasta,366213,Kolson Macaroni Spirals Bag 400g,182.0,"data:image/gif;base64,R0lGODlhAQABAIAAAAAAAP///yH5BAEAAAAALAAAAAABAAEAAAIBRAA7",
Imtiaz,Edible Grocery,"Salt, Spices & Herbs",363364,Ponam Chilli Crushed 200g,169.0,"data:image/gif;base64,R0lGODlhAQABAIAAAAAAAP///yH5BAEAAAAALAAAAAABAAEAAAIBRAA7",
Imtiaz,Edible Grocery,"Salt, Spices & Herbs",363365,Ponam Garam Masala Powder 100g,295.0,"data:image/gif;base64,R0lGODlhAQABAIAAAAAAAP///yH5BAEAAAAALAAAAAABAAEAAAIBRAA7",
Imtiaz,Edible Grocery,"Salt, Spices & Herbs",363366,Ponam Black Peper Powder 100g,299.0,"data:image/gif;base64,R0lGODlhAQABAIAAAAAAAP///yH5BAEAAAAALAAAAAABAAEAAAIBRAA7",
Imtiaz,Edible Grocery,"Salt, Spices & Herbs",363367,Ponam Haldi Powder 200g,195.0,"data:image/gif;base64,R0lGODlhAQABAIAAAAAAAP///yH5BAEAAAAALAAAAAABAAEAAAIBRAA7",
Imtiaz,Edible Grocery,"Salt, Spices & Herbs",363368,Ponam Dhania Powder 100g,70.0,"data:image/gif;base64,R0lGODlhAQABAIAAAAAAAP///yH5BAEAAAAALAAAAAABAAEAAAIBRAA7",
Imtiaz,Edible Grocery,"Salt, Spices & Herbs",363369,Ponam Chilli Crushed 100g,89.0,"data:image/gif;base64,R0lGODlhAQABAIAAAAAAAP///yH5BAEAAAAALAAAAAABAAEAAAIBRAA7",
Imtiaz,Edible Grocery,"Salt, Spices & Herbs",363370,Ponam Lal Mirch Powder 200g,169.0,"data:image/gif;base64,R0lGODlhAQABAIAAAAAAAP///yH5BAEAAAAALAAAAAABAAEAAAIBRAA7",
Imtiaz,Edible Grocery,"Salt, Spices & Herbs",363371,Ponam Lal Mirch Powder 100g,89.0,"data:image/gif;base64,R0lGODlhAQABAIAAAAAAAP///yH5BAEAAAAALAAAAAABAAEAAAIBRAA7",
Imtiaz,Edible Grocery,"Salt, Spices & Herbs",363372,Ponam Haldi Powder 100g,99.0,"data:image/gif;base64,R0lGODlhAQABAIAAAAAAAP///yH5BAEAAAAALAAAAAABAAEAAAIBRAA7",
Imtiaz,Edible Grocery,"Salt, Spices & Herbs",364802,Ponam Dhania Powder 400g,265.0,"data:image/gif;base64,R0lGODlhAQABAIAAAAAAAP///yH5BAEAAAAALAAAAAABAAEAAAIBRAA7",
Imtiaz,Edible Grocery,"Salt, Spices & Herbs",364803,Ponam Chilli Crushed 500g,399.0,"data:image/gif;base64,R0lGODlhAQABAIAAAAAAAP///yH5BAEAAAAALAAAAAABAAEAAAIBRAA7",
Imtiaz,Edible Grocery,"Salt, Spices & Herbs",364804,Ponam Haldi Powder 400g,379.0,"data:image/gif;base64,R0lGODlhAQABAIAAAAAAAP///yH5BAEAAAAALAAAAAABAAEAAAIBRAA7",
Imtiaz,Edible Grocery,"Salt, Spices & Herbs",364805,Ponam White Pepper Powder 50g,189.0,"data:image/gif;base64,R0lGODlhAQABAIAAAAAAAP///yH5BAEAAAAALAAAAAABAAEAAAIBRAA7",
Imtiaz,Edible Grocery,"Salt, Spices & Herbs",364807,Ponam Black Peper Powder 50g,155.0,"data:image/gif;base64,R0lGODlhAQABAIAAAAAAAP///yH5BAEAAAAALAAAAAABAAEAAAIBRAA7",
Imtiaz,Edible Grocery,"Salt, Spices & Herbs",364809,Zeera White Powder 100g,169.0,"data:image/gif;base64,R0lGODlhAQABAIAAAAAAAP///yH5BAEAAAAALAAAAAABAAEAAAIBRAA7",
Imtiaz,Edible Grocery,"Salt, Spices & Herbs",364811,Dhania Powder 200g,135.0,"data:image/gif;base64,R0lGODlhAQABAIAAAAAAAP///yH5BAEAAAAALAAAAAABAAEAAAIBRAA7",
Imtiaz,Edible Grocery,"Salt, Spices & Herbs",366110,Ponam Garlic Powder 100g,125.0,"data:image/gif;base64,R0lGODlhAQABAIAAAAAAAP///yH5BAEAAAAALAAAAAABAAEAAAIBRAA7",
Imtiaz,Edible Grocery,"Salt, Spices & Herbs",366111,Ponam Khatai Powder 100g,69.0,"data:image/gif;base64,R0lGODlhAQABAIAAAAAAAP///yH5BAEAAAAALAAAAAABAAEAAAIBRAA7",
Imtiaz,Edible Grocery,"Salt, Spices & Herbs",366113,Zeera White Powder 50g,99.0,"data:image/gif;base64,R0lGODlhAQABAIAAAAAAAP///yH5BAEAAAAALAAAAAABAAEAAAIBRAA7",
Imtiaz,Edible Grocery,"Salt, Spices & Herbs",366114,Ponam Ginger Dried (Soonth) Powder 50g,119.0,"data:image/gif;base64,R0lGODlhAQABAIAAAAAAAP///yH5BAEAAAAALAAAAAABAAEAAAIBRAA7",
Imtiaz,Edible Grocery,"Salt, Spices & Herbs",368589,Ponam Mustard Seeds (Rai Dana) Powder 100G,89.0,"data:image/gif;base64,R0lGODlhAQABAIAAAAAAAP///yH5BAEAAAAALAAAAAABAAEAAAIBRAA7",
Imtiaz,Edible Grocery,Cereals & Oats,364909,Fauji Wheat Porridge 250g,225.0,"data:image/gif;base64,R0lGODlhAQABAIAAAAAAAP///yH5BAEAAAAALAAAAAABAAEAAAIBRAA7",
Imtiaz,Edible Grocery,Cereals & Oats,364910,Fauji Barley Porridge 250g,339.0,"data:image/gif;base64,R0lGODlhAQABAIAAAAAAAP///yH5BAEAAAAALAAAAAABAAEAAAIBRAA7",
Imtiaz,Edible Grocery,Cereals & Oats,364913,Ponam Jou Dalya 500g,119.0,"data:image/gif;base64,R0lGODlhAQABAIAAAAAAAP///yH5BAEAAAAALAAAAAABAAEAAAIBRAA7",
Imtiaz,Edible Grocery,Cereals & Oats,364915,Ponam Dalya Wheat 500g,85.0,"data:image/gif;base64,R0lGODlhAQABAIAAAAAAAP///yH5BAEAAAAALAAAAAABAAEAAAIBRAA7",
Imtiaz,Edible Grocery,Cereals & Oats,364917,Ponam Sagu Dana 250g,95.0,"data:image/gif;base64,R0lGODlhAQABAIAAAAAAAP///yH5BAEAAAAALAAAAAABAAEAAAIBRAA7",
Imtiaz,Edible Grocery,Cereals & Oats,366170,Fauji Corn Flakes 150g,325.0,"data:image/gif;base64,R0lGODlhAQABAIAAAAAAAP///yH5BAEAAAAALAAAAAABAAEAAAIBRAA7",
Imtiaz,Edible Grocery,Cereals & Oats,366171,Fauji Choco Cups New 250g,689.0,"data:image/gif;base64,R0lGODlhAQABAIAAAAAAAP///yH5BAEAAAAALAAAAAABAAEAAAIBRAA7",
Imtiaz,Edible Grocery,Cereals & Oats,366172,Fauji Corn Flakes New 500g,805.0,"data:image/gif;base64,R0lGODlhAQABAIAAAAAAAP///yH5BAEAAAAALAAAAAABAAEAAAIBRAA7",
Imtiaz,Edible Grocery,Cereals & Oats,366173,Fauji Flakes Muesl with Nuts & Fruits 250g,809.0,"data:image/gif;base64,R0lGODlhAQABAIAAAAAAAP///yH5BAEAAAAALAAAAAABAAEAAAIBRAA7",
Imtiaz,Edible Grocery,Cereals & Oats,366175,Jenan White Oats Pouch 500g,599.0,"data:image/gif;base64,R0lGODlhAQABAIAAAAAAAP///yH5BAEAAAAALAAAAAABAAEAAAIBRAA7",
Imtiaz,Edible Grocery,Cereals & Oats,366179,Nature's Own Quick Cooking White Oats 200g Pouch,219.0,"data:image/gif;base64,R0lGODlhAQABAIAAAAAAAP///yH5BAEAAAAALAAAAAABAAEAAAIBRAA7",
Imtiaz,Edible Grocery,Cereals & Oats,366180,Nature's Own Quick Cooking White Oats 400g Tin,655.0,"data:image/gif;base64,R0lGODlhAQABAIAAAAAAAP///yH5BAEAAAAALAAAAAABAAEAAAIBRAA7",
Imtiaz,Edible Grocery,Cereals & Oats,366182,Fauji Corn Flakes New 250g,485.0,"data:image/gif;base64,R0lGODlhAQABAIAAAAAAAP///yH5BAEAAAAALAAAAAABAAEAAAIBRAA7",
Imtiaz,Edible Grocery,Cereals & Oats,374930,Fauji Barley Porridge 1kg,859.0,"data:image/gif;base64,R0lGODlhAQABAIAAAAAAAP///yH5BAEAAAAALAAAAAABAAEAAAIBRAA7",
Imtiaz,Edible Grocery,Cereals & Oats,374933,Jenan White Oats 200g Pouch,269.0,"data:image/gif;base64,R0lGODlhAQABAIAAAAAAAP///yH5BAEAAAAALAAAAAABAAEAAAIBRAA7",
Imtiaz,Edible Grocery,Edible Oil & Ghee,368739,Borges Olive Oil Pure Tin 100Ml,739.0,"data:image/gif;base64,R0lGODlhAQABAIAAAAAAAP///yH5BAEAAAAALAAAAAABAAEAAAIBRAA7",
Imtiaz,Edible Grocery,Edible Oil & Ghee,368740,Borges Olive Oil Pure Tin 200Ml,1269.0,"data:image/gif;base64,R0lGODlhAQABAIAAAAAAAP///yH5BAEAAAAALAAAAAABAAEAAAIBRAA7",
Imtiaz,Edible Grocery,Edible Oil & Ghee,370467,Borges Olive Oil Extra Virgin 125ml,989.0,"data:image/gif;base64,R0lGODlhAQABAIAAAAAAAP///yH5BAEAAAAALAAAAAABAAEAAAIBRAA7",
Imtiaz,Edible Grocery,Edible Oil & Ghee,370468,Borges Olive Oil Pomace Tin 100ml,635.0,"data:image/gif;base64,R0lGODlhAQABAIAAAAAAAP///yH5BAEAAAAALAAAAAABAAEAAAIBRAA7",
Imtiaz,Edible Grocery,Edible Oil & Ghee,370471,Borges Olive Oil Extra Light 250ml,1629.0,"data:image/gif;base64,R0lGODlhAQABAIAAAAAAAP///yH5BAEAAAAALAAAAAABAAEAAAIBRAA7",
Imtiaz,Edible Grocery,Edible Oil & Ghee,370473,Mueloliva Olive Oil Extra Light 1Ltr,4545.0,"data:image/gif;base64,R0lGODlhAQABAIAAAAAAAP///yH5BAEAAAAALAAAAAABAAEAAAIBRAA7",
Imtiaz,Edible Grocery,Edible Oil & Ghee,370478,Mueloliva Olive Oil Extra Virgin 1Ltr,4885.0,"data:image/gif;base64,R0lGODlhAQABAIAAAAAAAP///yH5BAEAAAAALAAAAAABAAEAAAIBRAA7",
Imtiaz,Edible Grocery,Edible Oil & Ghee,370469,Muelolive Olive Oil Extra Light 1Ltr,4465.0,"data:image/gif;base64,R0lGODlhAQABAIAAAAAAAP///yH5BAEAAAAALAAAAAABAAEAAAIBRAA7",
Imtiaz,Edible Grocery,Rice,363399,Ponam Super Kernel Basmati Rice 1Kg,335.0,"data:image/gif;base64,R0lGODlhAQABAIAAAAAAAP///yH5BAEAAAAALAAAAAABAAEAAAIBRAA7",
Imtiaz,Edible Grocery,Rice,363400,Ponam Supreme Sela Rice 1Kg,315.0,"data:image/gif;base64,R0lGODlhAQABAIAAAAAAAP///yH5BAEAAAAALAAAAAABAAEAAAIBRAA7",
Imtiaz,Edible Grocery,Rice,363401,Ponam Basmati Rice Kifayat 1Kg,235.0,"data:image/gif;base64,R0lGODlhAQABAIAAAAAAAP///yH5BAEAAAAALAAAAAABAAEAAAIBRAA7",
Imtiaz,Edible Grocery,Rice,363402,Ponam Supreme Basmati Rice Kainat 1Kg,355.0,"data:image/gif;base64,R0lGODlhAQABAIAAAAAAAP///yH5BAEAAAAALAAAAAABAAEAAAIBRAA7",
Imtiaz,Edible Grocery,Flour,363420,Ponam Baisan 500g,125.0,"data:image/gif;base64,R0lGODlhAQABAIAAAAAAAP///yH5BAEAAAAALAAAAAABAAEAAAIBRAA7",
Imtiaz,Edible Grocery,Flour,363421,Ponam Maida 500g,85.0,"data:image/gif;base64,R0lGODlhAQABAIAAAAAAAP///yH5BAEAAAAALAAAAAABAAEAAAIBRAA7",
Imtiaz,Edible Grocery,Flour,363425,Ponam Baisan 1000g,249.0,"data:image/gif;base64,R0lGODlhAQABAIAAAAAAAP///yH5BAEAAAAALAAAAAABAAEAAAIBRAA7",
Imtiaz,Edible Grocery,Flour,364865,Ponam Cornflour 500g,119.0,"data:image/gif;base64,R0lGODlhAQABAIAAAAAAAP///yH5BAEAAAAALAAAAAABAAEAAAIBRAA7",
Imtiaz,Edible Grocery,Flour,363422,Ponam Super Fine Special Atta 5kg,605.0,"data:image/gif;base64,R0lGODlhAQABAIAAAAAAAP///yH5BAEAAAAALAAAAAABAAEAAAIBRAA7",
Imtiaz,Edible Grocery,Flour,363424,Ponam Atta Chakki 5Kg,615.0,"data:image/gif;base64,R0lGODlhAQABAIAAAAAAAP///yH5BAEAAAAALAAAAAABAAEAAAIBRAA7",
Imtiaz,Edible Grocery,Flour,364863,Ponam Cornflour 1kg,229.0,"data:image/gif;base64,R0lGODlhAQABAIAAAAAAAP///yH5BAEAAAAALAAAAAABAAEAAAIBRAA7",
Imtiaz,Edible Grocery,Sugar,364984,Sugarie Granulated Brown Sugar 1000g,379.0,"data:image/gif;base64,R0lGODlhAQABAIAAAAAAAP///yH5BAEAAAAALAAAAAABAAEAAAIBRAA7",
Imtiaz,Edible Grocery,Sugar,367542,Sugarie Powdered Brown Sugar 1000g,379.0,"data:image/gif;base64,R0lGODlhAQABAIAAAAAAAP///yH5BAEAAAAALAAAAAABAAEAAAIBRAA7",
Imtiaz,Edible Grocery,Sugar,363476,Ponam Sugar 1kg,174.0,"data:image/gif;base64,R0lGODlhAQABAIAAAAAAAP///yH5BAEAAAAALAAAAAABAAEAAAIBRAA7",
Imtiaz,Edible Grocery,Dry Fruits,364866,Ponam Raisin Round (Kishmish) 100g,155.0,"data:image/gif;base64,R0lGODlhAQABAIAAAAAAAP///yH5BAEAAAAALAAAAAABAAEAAAIBRAA7",
Imtiaz,Edible Grocery,Dry Fruits,364870,Ponam Cashew Nut (Kajoo) 100g,399.0,"data:image/gif;base64,R0lGODlhAQABAIAAAAAAAP///yH5BAEAAAAALAAAAAABAAEAAAIBRAA7",
Imtiaz,Edible Grocery,Dry Fruits,364872,Ponam Khopra Powder 250g,399.0,"data:image/gif;base64,R0lGODlhAQABAIAAAAAAAP///yH5BAEAAAAALAAAAAABAAEAAAIBRAA7",
Imtiaz,Edible Grocery,Dry Fruits,364876,Ponam Sunflower Seeds 200g,149.0,"data:image/gif;base64,R0lGODlhAQABAIAAAAAAAP///yH5BAEAAAAALAAAAAABAAEAAAIBRAA7",
Imtiaz,Edible Grocery,Dry Fruits,364877,Ponam Misri 250g,149.0,"data:image/gif;base64,R0lGODlhAQABAIAAAAAAAP///yH5BAEAAAAALAAAAAABAAEAAAIBRAA7",
Imtiaz,Edible Grocery,Dry Fruits,364878,Ponam Dry Fruit Mix 100g,349.0,"data:image/gif;base64,R0lGODlhAQABAIAAAAAAAP///yH5BAEAAAAALAAAAAABAAEAAAIBRAA7",
Imtiaz,Edible Grocery,Dry Fruits,364879,Ponam Revri 200g,169.0,"data:image/gif;base64,R0lGODlhAQABAIAAAAAAAP///yH5BAEAAAAALAAAAAABAAEAAAIBRAA7",
Imtiaz,Edible Grocery,Dry Fruits,364880,Ponam Khopra Whole 250g,399.0,"data:image/gif;base64,R0lGODlhAQABAIAAAAAAAP///yH5BAEAAAAALAAAAAABAAEAAAIBRAA7",
Imtiaz,Edible Grocery,Dry Fruits,364881,Ponam Almond Kernel USA 200g,665.0,"data:image/gif;base64,R0lGODlhAQABAIAAAAAAAP///yH5BAEAAAAALAAAAAABAAEAAAIBRAA7",
Imtiaz,Edible Grocery,Dry Fruits,364882,Ponam Chana Roast 200g,159.0,"data:image/gif;base64,R0lGODlhAQABAIAAAAAAAP///yH5BAEAAAAALAAAAAABAAEAAAIBRAA7",
Imtiaz,Edible Grocery,Dry Fruits,364883,Ponam Almond Kernel USA 100g,335.0,"data:image/gif;base64,R0lGODlhAQABAIAAAAAAAP///yH5BAEAAAAALAAAAAABAAEAAAIBRAA7",
Imtiaz,Edible Grocery,Dry Fruits,364884,Ponam Till White 100g,79.0,"data:image/gif;base64,R0lGODlhAQABAIAAAAAAAP///yH5BAEAAAAALAAAAAABAAEAAAIBRAA7",
Imtiaz,Edible Grocery,Dry Fruits,364885,Ponam Khopra Powder 100g,175.0,"data:image/gif;base64,R0lGODlhAQABAIAAAAAAAP///yH5BAEAAAAALAAAAAABAAEAAAIBRAA7",
Imtiaz,Edible Grocery,Dry Fruits,366142,Ponam Raisin Black (Kishmish) 100g,155.0,"data:image/gif;base64,R0lGODlhAQABAIAAAAAAAP///yH5BAEAAAAALAAAAAABAAEAAAIBRAA7",
Imtiaz,Edible Grocery,Dry Fruits,366144,Ponam Seeds Salted 100g,215.0,"data:image/gif;base64,R0lGODlhAQABAIAAAAAAAP///yH5BAEAAAAALAAAAAABAAEAAAIBRAA7",
Imtiaz,Edible Grocery,Dry Fruits,366147,Ponam Cashew Nut Fried (Kajoo) 200g,845.0,"data:image/gif;base64,R0lGODlhAQABAIAAAAAAAP///yH5BAEAAAAALAAAAAABAAEAAAIBRAA7",
Imtiaz,Edible Grocery,Dry Fruits,366149,Ponam Almond Kernel USA 50g,179.0,"data:image/gif;base64,R0lGODlhAQABAIAAAAAAAP///yH5BAEAAAAALAAAAAABAAEAAAIBRAA7",
Imtiaz,Edible Grocery,Dry Fruits,366150,Ponam Almond Kernel USA 500g,1649.0,"data:image/gif;base64,R0lGODlhAQABAIAAAAAAAP///yH5BAEAAAAALAAAAAABAAEAAAIBRAA7",
Imtiaz,Edible Grocery,Dry Fruits,366151,Ponam Nukal Dana 200g,79.0,"data:image/gif;base64,R0lGODlhAQABAIAAAAAAAP///yH5BAEAAAAALAAAAAABAAEAAAIBRAA7",
Imtiaz,Edible Grocery,Dry Fruits,368663,Ponam Khubani 200G,349.0,"data:image/gif;base64,R0lGODlhAQABAIAAAAAAAP///yH5BAEAAAAALAAAAAABAAEAAAIBRAA7",
Imtiaz,Edible Grocery,Dry Fruits,368665,Ponam Peanut Spicy 200G,189.0,"data:image/gif;base64,R0lGODlhAQABAIAAAAAAAP///yH5BAEAAAAALAAAAAABAAEAAAIBRAA7",
Imtiaz,Edible Grocery,Dry Fruits,368666,Ponam Pistachio Inshell Salted 200G,899.0,"data:image/gif;base64,R0lGODlhAQABAIAAAAAAAP///yH5BAEAAAAALAAAAAABAAEAAAIBRAA7",
Imtiaz,Edible Grocery,Dry Fruits,368667,Ponam Dry Fig (Injeer) Jumbo 200G,599.0,"data:image/gif;base64,R0lGODlhAQABAIAAAAAAAP///yH5BAEAAAAALAAAAAABAAEAAAIBRAA7",
Imtiaz,Edible Grocery,Dry Fruits,368668,Ponam Chohara Nur 200G,169.0,"data:image/gif;base64,R0lGODlhAQABAIAAAAAAAP///yH5BAEAAAAALAAAAAABAAEAAAIBRAA7",
Imtiaz,Edible Grocery,Canned/Bottled Foods,364959,Ponam Pop Corn 500g,169.0,"data:image/gif;base64,R0lGODlhAQABAIAAAAAAAP///yH5BAEAAAAALAAAAAABAAEAAAIBRAA7",
Imtiaz,Edible Grocery,Canned/Bottled Foods,366218,Fresh Choice Mushroom Whole 400g Tin,429.0,"data:image/gif;base64,R0lGODlhAQABAIAAAAAAAP///yH5BAEAAAAALAAAAAABAAEAAAIBRAA7",
Imtiaz,Edible Grocery,Spreads,366193,Young's Honey 125g,319.0,"data:image/gif;base64,R0lGODlhAQABAIAAAAAAAP///yH5BAEAAAAALAAAAAABAAEAAAIBRAA7",
Imtiaz,Edible Grocery,Spreads,366194,Ponam Honey Natural 250g,439.0,"data:image/gif;base64,R0lGODlhAQABAIAAAAAAAP///yH5BAEAAAAALAAAAAABAAEAAAIBRAA7",
Imtiaz,Edible Grocery,Spreads,366195,N Swat Honey 250g,225.0,"data:image/gif;base64,R0lGODlhAQABAIAAAAAAAP///yH5BAEAAAAALAAAAAABAAEAAAIBRAA7",
Imtiaz,Edible Grocery,Spreads,368744,Ponam Honey Natural 500G,749.0,"data:image/gif;base64,R0lGODlhAQABAIAAAAAAAP///yH5BAEAAAAALAAAAAABAAEAAAIBRAA7",
Imtiaz,Edible Grocery,Spreads,368745,Langnese Honey 125G,719.0,"data:image/gif;base64,R0lGODlhAQABAIAAAAAAAP///yH5BAEAAAAALAAAAAABAAEAAAIBRAA7",
Imtiaz,Edible Grocery,Spreads,368747,Langnese Honey 250G,1299.0,"data:image/gif;base64,R0lGODlhAQABAIAAAAAAAP///yH5BAEAAAAALAAAAAABAAEAAAIBRAA7",
Imtiaz,Edible Grocery,Spreads,368748,Langnese Honey 375G,1885.0,"data:image/gif;base64,R0lGODlhAQABAIAAAAAAAP///yH5BAEAAAAALAAAAAABAAEAAAIBRAA7",
Imtiaz,Edible Grocery,Spreads,370500,HibaLife Honey 600g,1949.0,"data:image/gif;base64,R0lGODlhAQABAIAAAAAAAP///yH5BAEAAAAALAAAAAABAAEAAAIBRAA7",
Imtiaz,Edible Grocery,Spreads,370503,Langnese Honey Acacia 500g,3419.0,"data:image/gif;base64,R0lGODlhAQABAIAAAAAAAP///yH5BAEAAAAALAAAAAABAAEAAAIBRAA7",
Imtiaz,Edible Grocery,Spreads,370504,Langnese Honey Black Forest 500g,3727.0,"data:image/gif;base64,R0lGODlhAQABAIAAAAAAAP///yH5BAEAAAAALAAAAAABAAEAAAIBRAA7",
Imtiaz,Edible Grocery,Spreads,370505,Langnese Honey 500g,2359.0,"data:image/gif;base64,R0lGODlhAQABAIAAAAAAAP///yH5BAEAAAAALAAAAAABAAEAAAIBRAA7",
Imtiaz,Edible Grocery,Spreads,370506,Langnese Honey Black Forest 1000g,7154.0,"data:image/gif;base64,R0lGODlhAQABAIAAAAAAAP///yH5BAEAAAAALAAAAAABAAEAAAIBRAA7",
Imtiaz,Edible Grocery,Spreads,370507,Langnese Honey 1000g,4469.0,"data:image/gif;base64,R0lGODlhAQABAIAAAAAAAP///yH5BAEAAAAALAAAAAABAAEAAAIBRAA7",
Imtiaz,Edible Grocery,Spreads,368746,N Swat Honey 500G,455.0,"data:image/gif;base64,R0lGODlhAQABAIAAAAAAAP///yH5BAEAAAAALAAAAAABAAEAAAIBRAA7",
Imtiaz,Edible Grocery,Spreads,366196,N Swat Honey 1000g,819.0,"data:image/gif;base64,R0lGODlhAQABAIAAAAAAAP///yH5BAEAAAAALAAAAAABAAEAAAIBRAA7",
Imtiaz,Edible Grocery,Dessert,364970,Laziza Kheer Mix Almond & Saffron 155g,135.0,"data:image/gif;base64,R0lGODlhAQABAIAAAAAAAP///yH5BAEAAAAALAAAAAABAAEAAAIBRAA7",
Imtiaz,Edible Grocery,Dessert,364971,Laziza Kheer Mix Pista & Coconut 155g,135.0,"data:image/gif;base64,R0lGODlhAQABAIAAAAAAAP///yH5BAEAAAAALAAAAAABAAEAAAIBRAA7",
Imtiaz,Edible Grocery,Dessert,364972,Laziza Sheer Khurma MIx Saffron 160g,199.0,"data:image/gif;base64,R0lGODlhAQABAIAAAAAAAP///yH5BAEAAAAALAAAAAABAAEAAAIBRAA7",
Imtiaz,Edible Grocery,Dessert,364973,Laziza Kheer Mix Standard 155g,135.0,"data:image/gif;base64,R0lGODlhAQABAIAAAAAAAP///yH5BAEAAAAALAAAAAABAAEAAAIBRAA7",
Imtiaz,Edible Grocery,Dessert,364974,Laziza Kheer Mix Standard E/Pack 310g,265.0,"data:image/gif;base64,R0lGODlhAQABAIAAAAAAAP///yH5BAEAAAAALAAAAAABAAEAAAIBRAA7",
Imtiaz,Edible Grocery,Dessert,366221,Laziza Kheer Mix Dry Fruit 160g,135.0,"data:image/gif;base64,R0lGODlhAQABAIAAAAAAAP///yH5BAEAAAAALAAAAAABAAEAAAIBRAA7",
Imtiaz,Edible Grocery,Dessert,366222,Laziza Ras Malai Mix Standard 75g,199.0,"data:image/gif;base64,R0lGODlhAQABAIAAAAAAAP///yH5BAEAAAAALAAAAAABAAEAAAIBRAA7",
Imtiaz,Edible Grocery,Dessert,366223,Shan Pista Kheer 150g,169.0,"data:image/gif;base64,R0lGODlhAQABAIAAAAAAAP///yH5BAEAAAAALAAAAAABAAEAAAIBRAA7",
Imtiaz,Edible Grocery,Dessert,366225,Laziza Kulfa Khoya Mix Pistachio 152g,199.0,"data:image/gif;base64,R0lGODlhAQABAIAAAAAAAP///yH5BAEAAAAALAAAAAABAAEAAAIBRAA7",
Imtiaz,Edible Grocery,Dessert,366226,Mehran Sheer Khurma MIx 160g,158.0,"data:image/gif;base64,R0lGODlhAQABAIAAAAAAAP///yH5BAEAAAAALAAAAAABAAEAAAIBRAA7",
Imtiaz,Edible Grocery,Dessert,366227,Happy Home Kheer Mix Rice Pudding 155g,139.0,"data:image/gif;base64,R0lGODlhAQABAIAAAAAAAP///yH5BAEAAAAALAAAAAABAAEAAAIBRAA7",
Imtiaz,Edible Grocery,Dessert,366229,Laziza Ras Malai Mix Almond 75g,199.0,"data:image/gif;base64,R0lGODlhAQABAIAAAAAAAP///yH5BAEAAAAALAAAAAABAAEAAAIBRAA7",
Imtiaz,Edible Grocery,Dessert,366230,Happy Home Sheer Khurma MIx 160g,155.0,"data:image/gif;base64,R0lGODlhAQABAIAAAAAAAP///yH5BAEAAAAALAAAAAABAAEAAAIBRAA7",
Imtiaz,Edible Grocery,Dessert,368784,Laziza Gulab Jamun Mix 85G,199.0,"data:image/gif;base64,R0lGODlhAQABAIAAAAAAAP///yH5BAEAAAAALAAAAAABAAEAAAIBRAA7",
Imtiaz,Edible Grocery,Dessert,368785,Laziza Doodh Dullari Mix 225G,199.0,"data:image/gif;base64,R0lGODlhAQABAIAAAAAAAP///yH5BAEAAAAALAAAAAABAAEAAAIBRAA7",
Imtiaz,Edible Grocery,Dessert,368786,Laziza Faluda Mix Rabri 200G,189.0,"data:image/gif;base64,R0lGODlhAQABAIAAAAAAAP///yH5BAEAAAAALAAAAAABAAEAAAIBRAA7",
Imtiaz,Edible Grocery,Dessert,368789,Mehran Firni Mix 155G,119.0,"data:image/gif;base64,R0lGODlhAQABAIAAAAAAAP///yH5BAEAAAAALAAAAAABAAEAAAIBRAA7",
Imtiaz,Edible Grocery,Dessert,368791,Rafhan Ice Cream Powder Vanilla 275G,179.0,"data:image/gif;base64,R0lGODlhAQABAIAAAAAAAP///yH5BAEAAAAALAAAAAABAAEAAAIBRAA7",
Imtiaz,Edible Grocery,Dessert,368793,Happy Home Faluda Mix Special 180G,155.0,"data:image/gif;base64,R0lGODlhAQABAIAAAAAAAP///yH5BAEAAAAALAAAAAABAAEAAAIBRAA7",
Imtiaz,Edible Grocery,Dessert,368795,Shan Badam Kheer Mix 150G,169.0,"data:image/gif;base64,R0lGODlhAQABAIAAAAAAAP///yH5BAEAAAAALAAAAAABAAEAAAIBRAA7",
Imtiaz,Edible Grocery,Dessert,368796,Mehran Badam Kheer Mix 155G,119.0,"data:image/gif;base64,R0lGODlhAQABAIAAAAAAAP///yH5BAEAAAAALAAAAAABAAEAAAIBRAA7",
Imtiaz,Edible Grocery,Dessert,364969,Shan Sheer Khurma MIx 150g,185.0,"data:image/gif;base64,R0lGODlhAQABAIAAAAAAAP///yH5BAEAAAAALAAAAAABAAEAAAIBRAA7",
Imtiaz,Edible Grocery,Ready to Eat Meals,368720,Wrapster Flour Tortillas Regular 8'S,365.0,"data:image/gif;base64,R0lGODlhAQABAIAAAAAAAP///yH5BAEAAAAALAAAAAABAAEAAAIBRAA7",
Imtiaz,Edible Grocery,Ready to Eat Meals,368721,Wrapster Flour Tortillas Big 5'S,315.0,"data:image/gif;base64,R0lGODlhAQABAIAAAAAAAP///yH5BAEAAAAALAAAAAABAAEAAAIBRAA7",
Imtiaz,Edible Grocery,Baking & Cooking,364886,Ponam Metha Soda 100g,35.0,"data:image/gif;base64,R0lGODlhAQABAIAAAAAAAP///yH5BAEAAAAALAAAAAABAAEAAAIBRAA7",
Imtiaz,Dairy,Milk,366900,Polac Condensed Milk 390g,299.0,"data:image/gif;base64,R0lGODlhAQABAIAAAAAAAP///yH5BAEAAAAALAAAAAABAAEAAAIBRAA7",
Imtiaz,Dairy,Milk,370578,Polac Condensed Milk Tin 1000g,709.0,"data:image/gif;base64,R0lGODlhAQABAIAAAAAAAP///yH5BAEAAAAALAAAAAABAAEAAAIBRAA7",
Imtiaz,Dairy,Milk,365196,Comelle Condensed Milk 72g,79.0,"data:image/gif;base64,R0lGODlhAQABAIAAAAAAAP///yH5BAEAAAAALAAAAAABAAEAAAIBRAA7",
Imtiaz,Dairy,Milk,368857,Comelle Condensed Milk 1000G,849.0,"data:image/gif;base64,R0lGODlhAQABAIAAAAAAAP///yH5BAEAAAAALAAAAAABAAEAAAIBRAA7",
Imtiaz,Dairy,Milk,365195,Comelle Condensed Milk 397g,379.0,"data:image/gif;base64,R0lGODlhAQABAIAAAAAAAP///yH5BAEAAAAALAAAAAABAAEAAAIBRAA7",
Imtiaz,Dairy,Flavoured Milk,363854,Pakola Milk Zafran 250ml,88.0,"data:image/gif;base64,R0lGODlhAQABAIAAAAAAAP///yH5BAEAAAAALAAAAAABAAEAAAIBRAA7",
Imtiaz,Dairy,Flavoured Milk,363855,Dayfresh Flavour Milk Chocolate 225ml,89.0,"data:image/gif;base64,R0lGODlhAQABAIAAAAAAAP///yH5BAEAAAAALAAAAAABAAEAAAIBRAA7",
Imtiaz,Dairy,Flavoured Milk,363857,Milo Drink 180ml,95.0,"data:image/gif;base64,R0lGODlhAQABAIAAAAAAAP///yH5BAEAAAAALAAAAAABAAEAAAIBRAA7",
Imtiaz,Dairy,Flavoured Milk,365206,Pakola Flavour Milk Chocolate 125ml,45.0,"data:image/gif;base64,R0lGODlhAQABAIAAAAAAAP///yH5BAEAAAAALAAAAAABAAEAAAIBRAA7",
Imtiaz,Dairy,Flavoured Milk,365208,Pakola Flavour Milk Strawberry 125ml,45.0,"data:image/gif;base64,R0lGODlhAQABAIAAAAAAAP///yH5BAEAAAAALAAAAAABAAEAAAIBRAA7",
Imtiaz,Dairy,Flavoured Milk,365211,Dayfresh Flavoured Milk Belgian Chocolate 225ml,145.0,"data:image/gif;base64,R0lGODlhAQABAIAAAAAAAP///yH5BAEAAAAALAAAAAABAAEAAAIBRAA7",
Imtiaz,Dairy,Flavoured Milk,365212,Pakola Milk Ice Cream 250ml,88.0,"data:image/gif;base64,R0lGODlhAQABAIAAAAAAAP///yH5BAEAAAAALAAAAAABAAEAAAIBRAA7",
Imtiaz,Dairy,Flavoured Milk,365216,Pakola Milk Strawberry 250ml,88.0,"data:image/gif;base64,R0lGODlhAQABAIAAAAAAAP///yH5BAEAAAAALAAAAAABAAEAAAIBRAA7",
Imtiaz,Dairy,Flavoured Milk,365217,Dayfresh Flavour Milk Zafrani & Pistachio 225ml,89.0,"data:image/gif;base64,R0lGODlhAQABAIAAAAAAAP///yH5BAEAAAAALAAAAAABAAEAAAIBRAA7",
Imtiaz,Dairy,Flavoured Milk,365218,Pakola Milk Chocolate 250ml,88.0,"data:image/gif;base64,R0lGODlhAQABAIAAAAAAAP///yH5BAEAAAAALAAAAAABAAEAAAIBRAA7",
Imtiaz,Dairy,Flavoured Milk,365219,Dayfresh Flavour Milk Strawberry 225ml,89.0,"data:image/gif;base64,R0lGODlhAQABAIAAAAAAAP///yH5BAEAAAAALAAAAAABAAEAAAIBRAA7",
Imtiaz,Dairy,Flavoured Milk,365214,Pakola Milk Strawberry & Vanilla 200ml,69.0,"data:image/gif;base64,R0lGODlhAQABAIAAAAAAAP///yH5BAEAAAAALAAAAAABAAEAAAIBRAA7",
Imtiaz,Dairy,Flavoured Milk,368861,Pakola Milk Chikoo 200ml,69.0,"data:image/gif;base64,R0lGODlhAQABAIAAAAAAAP///yH5BAEAAAAALAAAAAABAAEAAAIBRAA7",
Imtiaz,Dairy,Butter & Margarine,365188,Nurpur Butter Unsalted 200g,749.0,"data:image/gif;base64,R0lGODlhAQABAIAAAAAAAP///yH5BAEAAAAALAAAAAABAAEAAAIBRAA7",
Imtiaz,Dairy,Butter & Margarine,366894,Lurpak Butter Salted 200g,1269.0,"data:image/gif;base64,R0lGODlhAQABAIAAAAAAAP///yH5BAEAAAAALAAAAAABAAEAAAIBRAA7",
Imtiaz,Dairy,Butter & Margarine,366895,Lurpak Butter Unsalted 200g,1269.0,"data:image/gif;base64,R0lGODlhAQABAIAAAAAAAP///yH5BAEAAAAALAAAAAABAAEAAAIBRAA7",
Imtiaz,Dairy,Butter & Margarine,366898,Milk Pak Butter Unsalted 200g,689.0,"data:image/gif;base64,R0lGODlhAQABAIAAAAAAAP///yH5BAEAAAAALAAAAAABAAEAAAIBRAA7",
Imtiaz,Dairy,Butter & Margarine,368841,Maska Breakfast Spread 100G,149.0,"data:image/gif;base64,R0lGODlhAQABAIAAAAAAAP///yH5BAEAAAAALAAAAAABAAEAAAIBRAA7",
Imtiaz,Dairy,Butter & Margarine,368847,Maska Breakfast Spread 400G,479.0,"data:image/gif;base64,R0lGODlhAQABAIAAAAAAAP///yH5BAEAAAAALAAAAAABAAEAAAIBRAA7",
Imtiaz,Dairy,Butter & Margarine,368849,Meadowlea Margarine Original Tub 500G,1338.0,"data:image/gif;base64,R0lGODlhAQABAIAAAAAAAP///yH5BAEAAAAALAAAAAABAAEAAAIBRAA7",
Imtiaz,Dairy,Butter & Margarine,368855,Adam'S Butter Salted 100G,355.0,"data:image/gif;base64,R0lGODlhAQABAIAAAAAAAP///yH5BAEAAAAALAAAAAABAAEAAAIBRAA7",
Imtiaz,Dairy,Cheese & Cream,366909,Happy Cow Slice Cheese Cheddar 10's,1207.0,"data:image/gif;base64,R0lGODlhAQABAIAAAAAAAP///yH5BAEAAAAALAAAAAABAAEAAAIBRAA7",
Imtiaz,Dairy,Cheese & Cream,366910,Happy Cow Slice Cheese Mozzarella 10's,1207.0,"data:image/gif;base64,R0lGODlhAQABAIAAAAAAAP///yH5BAEAAAAALAAAAAABAAEAAAIBRAA7",
Imtiaz,Dairy,Cheese & Cream,366911,Happy Cow Slice Cheese Regular 10's,1177.0,"data:image/gif;base64,R0lGODlhAQABAIAAAAAAAP///yH5BAEAAAAALAAAAAABAAEAAAIBRAA7",
Imtiaz,Dairy,Cheese & Cream,366914,Adam's Pizza Cheese 200g,655.0,"data:image/gif;base64,R0lGODlhAQABAIAAAAAAAP///yH5BAEAAAAALAAAAAABAAEAAAIBRAA7",
Imtiaz,Dairy,Cheese & Cream,366921,Adam's Mozzarella Cheese 400g,1265.0,"data:image/gif;base64,R0lGODlhAQABAIAAAAAAAP///yH5BAEAAAAALAAAAAABAAEAAAIBRAA7",
Imtiaz,Dairy,Cheese & Cream,368862,Delizia Cheddar Cheese Slice 10S,499.0,"data:image/gif;base64,R0lGODlhAQABAIAAAAAAAP///yH5BAEAAAAALAAAAAABAAEAAAIBRAA7",
Imtiaz,Dairy,Cheese & Cream,368863,Adam'S Pizza Cheese 400G,1275.0,"data:image/gif;base64,R0lGODlhAQABAIAAAAAAAP///yH5BAEAAAAALAAAAAABAAEAAAIBRAA7",
Imtiaz,Dairy,Cheese & Cream,368866,Nurpur Mozzarella Cheese Block 200G,649.0,"data:image/gif;base64,R0lGODlhAQABAIAAAAAAAP///yH5BAEAAAAALAAAAAABAAEAAAIBRAA7",
Imtiaz,Frozen,Appetizers,367606,Menu Comp Value Toppings Tikka 500g Bag,515.0,"data:image/gif;base64,R0lGODlhAQABAIAAAAAAAP///yH5BAEAAAAALAAAAAABAAEAAAIBRAA7",
Imtiaz,Frozen,Appetizers,367616,K&N's Shami Kabab 18's 648g,1129.0,"data:image/gif;base64,R0lGODlhAQABAIAAAAAAAP///yH5BAEAAAAALAAAAAABAAEAAAIBRAA7",
Imtiaz,Frozen,Appetizers,368889,K&N'S Shami Kabab 7'S 252G,489.0,"data:image/gif;base64,R0lGODlhAQABAIAAAAAAAP///yH5BAEAAAAALAAAAAABAAEAAAIBRAA7",
Imtiaz,Frozen,Appetizers,368908,Mon Salwa Chicken Shami Kabab 16'S 576G,795.0,"data:image/gif;base64,R0lGODlhAQABAIAAAAAAAP///yH5BAEAAAAALAAAAAABAAEAAAIBRAA7",
Imtiaz,Frozen,Appetizers,374909,Mon Salwa Juicy Chicken Burger 500g Bag,405.0,"data:image/gif;base64,R0lGODlhAQABAIAAAAAAAP///yH5BAEAAAAALAAAAAABAAEAAAIBRAA7",
Imtiaz,Frozen,Chicken,365240,K&N's Chicken Combo Wings 850g,1266.0,"data:image/gif;base64,R0lGODlhAQABAIAAAAAAAP///yH5BAEAAAAALAAAAAABAAEAAAIBRAA7",
Imtiaz,Frozen,Chicken,365245,K&N's Chicken Karahi Cut 1000g,848.0,"data:image/gif;base64,R0lGODlhAQABAIAAAAAAAP///yH5BAEAAAAALAAAAAABAAEAAAIBRAA7",
Imtiaz,Frozen,Chicken,365246,K&N's Chicken Breast Fillet 500g,662.0,"data:image/gif;base64,R0lGODlhAQABAIAAAAAAAP///yH5BAEAAAAALAAAAAABAAEAAAIBRAA7",
Imtiaz,Frozen,Chicken,365247,K&N's Chicken Qeema Extra Lean 500g,662.0,"data:image/gif;base64,R0lGODlhAQABAIAAAAAAAP///yH5BAEAAAAALAAAAAABAAEAAAIBRAA7",
Imtiaz,Frozen,Chicken,365248,K&N's Chicken Boneless Handi 500g,662.0,"data:image/gif;base64,R0lGODlhAQABAIAAAAAAAP///yH5BAEAAAAALAAAAAABAAEAAAIBRAA7",
Imtiaz,Frozen,Chicken,367599,Menu Comp Value Toppings Fajita 500g Bag,515.0,"data:image/gif;base64,R0lGODlhAQABAIAAAAAAAP///yH5BAEAAAAALAAAAAABAAEAAAIBRAA7",
Imtiaz,Frozen,Chicken,367600,Menu Comp Chicken Kofta 900g Bag,774.0,"data:image/gif;base64,R0lGODlhAQABAIAAAAAAAP///yH5BAEAAAAALAAAAAABAAEAAAIBRAA7",
Imtiaz,Frozen,Chicken,367603,K&N's Chicken Boti Cut 1 kg,901.0,"data:image/gif;base64,R0lGODlhAQABAIAAAAAAAP///yH5BAEAAAAALAAAAAABAAEAAAIBRAA7",
Imtiaz,Frozen,Chicken,367604,K&N's Chicken Tempura 660g,1261.0,"data:image/gif;base64,R0lGODlhAQABAIAAAAAAAP///yH5BAEAAAAALAAAAAABAAEAAAIBRAA7",
Imtiaz,Frozen,Chicken,368879,K&N'S Chicken Kofta 30'S 850G,1403.0,"data:image/gif;base64,R0lGODlhAQABAIAAAAAAAP///yH5BAEAAAAALAAAAAABAAEAAAIBRAA7",
Imtiaz,Frozen,Chicken,368880,K&N'S Chicken Kofta 12'S 340G,591.0,"data:image/gif;base64,R0lGODlhAQABAIAAAAAAAP///yH5BAEAAAAALAAAAAABAAEAAAIBRAA7",
Imtiaz,Frozen,Chicken,368884,Mon Salwa Chicken Crispy Shots 680G,985.0,"data:image/gif;base64,R0lGODlhAQABAIAAAAAAAP///yH5BAEAAAAALAAAAAABAAEAAAIBRAA7",
Imtiaz,Frozen,Chicken,368885,Mon Salwa Chicken Kofta 20'S 600G,785.0,"data:image/gif;base64,R0lGODlhAQABAIAAAAAAAP///yH5BAEAAAAALAAAAAABAAEAAAIBRAA7",
Imtiaz,Frozen,Puri & Paratha,366570,Dawn Paratha Aloo 3's 360g,279.0,"data:image/gif;base64,R0lGODlhAQABAIAAAAAAAP///yH5BAEAAAAALAAAAAABAAEAAAIBRAA7",
Imtiaz,Frozen,Puri & Paratha,368872,Mon Salwa Paratha Aloo Bhara 4'S,239.0,"data:image/gif;base64,R0lGODlhAQABAIAAAAAAAP///yH5BAEAAAAALAAAAAABAAEAAAIBRAA7",
Imtiaz,Baby World,Baby Feeding Accessories,367828,Shield Nipple Evenflo Extra Soft 2's,86.0,"data:image/gif;base64,R0lGODlhAQABAIAAAAAAAP///yH5BAEAAAAALAAAAAABAAEAAAIBRAA7",
Imtiaz,Baby World,Baby Feeding Accessories,369071,Mechico Silicone Nipple 2'S,65.0,"data:image/gif;base64,R0lGODlhAQABAIAAAAAAAP///yH5BAEAAAAALAAAAAABAAEAAAIBRAA7",
Imtiaz,Baby World,Baby Feeding Accessories,369074,Pigeon Juice Feeder D-331,1025.0,"data:image/gif;base64,R0lGODlhAQABAIAAAAAAAP///yH5BAEAAAAALAAAAAABAAEAAAIBRAA7",
Imtiaz,Baby World,Baby Feeding Accessories,369080,Pigeon Feeding Bottles A-483 120Ml,1289.0,"data:image/gif;base64,R0lGODlhAQABAIAAAAAAAP///yH5BAEAAAAALAAAAAABAAEAAAIBRAA7",
Imtiaz,Baby World,Baby Feeding Accessories,369082,Pigeon Feeding Bottles A-424 240Ml,2359.0,"data:image/gif;base64,R0lGODlhAQABAIAAAAAAAP///yH5BAEAAAAALAAAAAABAAEAAAIBRAA7",
Imtiaz,Baby World,Baby Feeding Accessories,369083,Pigeon Feeding Bottles A482 240Ml,3099.0,"data:image/gif;base64,R0lGODlhAQABAIAAAAAAAP///yH5BAEAAAAALAAAAAABAAEAAAIBRAA7",
Imtiaz,Baby World,Baby Feeding Accessories,369086,Pigeon Silicone Nipple Standard-Neck B-212 L,915.0,"data:image/gif;base64,R0lGODlhAQABAIAAAAAAAP///yH5BAEAAAAALAAAAAABAAEAAAIBRAA7",
Imtiaz,Baby World,Baby Feeding Accessories,369090,Pigeon Peristalic Nipple B-700 S (B.A),229.0,"data:image/gif;base64,R0lGODlhAQABAIAAAAAAAP///yH5BAEAAAAALAAAAAABAAEAAAIBRAA7",
Imtiaz,Baby World,Baby Feeding Accessories,370665,Pigeon Feeder PP Soft Touch 6+ Months 330ml,2799.0,"data:image/gif;base64,R0lGODlhAQABAIAAAAAAAP///yH5BAEAAAAALAAAAAABAAEAAAIBRAA7",
Imtiaz,Baby World,Baby Feeding Accessories,370666,Pigeon Feeder PP Round Nursing 50ml A26282,1369.0,"data:image/gif;base64,R0lGODlhAQABAIAAAAAAAP///yH5BAEAAAAALAAAAAABAAEAAAIBRAA7",
Imtiaz,Baby World,Baby Feeding Accessories,365340,Shield Silicone Nipple Evenflo Regular 2's,70.0,"data:image/gif;base64,R0lGODlhAQABAIAAAAAAAP///yH5BAEAAAAALAAAAAABAAEAAAIBRAA7",
Imtiaz,Baby World,Baby Feeding Accessories,370663,Shield Nipple Evenflo Anti-colic 2's,89.0,"data:image/gif;base64,R0lGODlhAQABAIAAAAAAAP///yH5BAEAAAAALAAAAAABAAEAAAIBRAA7",
Imtiaz,Baby World,Skin Care,369126,Sen Nappy Rash Cream 150Ml,724.0,"data:image/gif;base64,R0lGODlhAQABAIAAAAAAAP///yH5BAEAAAAALAAAAAABAAEAAAIBRAA7",
Imtiaz,Baby World,Hygiene,370646,Nero Kids Tooth Brush Spiderman + 3 Years,269.0,"data:image/gif;base64,R0lGODlhAQABAIAAAAAAAP///yH5BAEAAAAALAAAAAABAAEAAAIBRAA7",
Imtiaz,Baby World,Diapers & Pants,365334,Bona Papa Plus Diaper Eco (M) 50's,1189.0,"data:image/gif;base64,R0lGODlhAQABAIAAAAAAAP///yH5BAEAAAAALAAAAAABAAEAAAIBRAA7",
Imtiaz,Baby World,Diapers & Pants,368976,Bona Papa Plus Diaper Eco (S) 50'S,995.0,"data:image/gif;base64,R0lGODlhAQABAIAAAAAAAP///yH5BAEAAAAALAAAAAABAAEAAAIBRAA7",
Imtiaz,Baby World,Baby Food,365347,Cerelac Cereal 3 Fruits 350g,845.0,"data:image/gif;base64,R0lGODlhAQABAIAAAAAAAP///yH5BAEAAAAALAAAAAABAAEAAAIBRAA7",
Imtiaz,Baby World,Baby Food,369109,Prep Up Cereal Wheat&Milk 175G,385.0,"data:image/gif;base64,R0lGODlhAQABAIAAAAAAAP///yH5BAEAAAAALAAAAAABAAEAAAIBRAA7",
Imtiaz,Baby World,Baby Food,369110,Prep Up Cereal Wheat Milk & Honey 175G,455.0,"data:image/gif;base64,R0lGODlhAQABAIAAAAAAAP///yH5BAEAAAAALAAAAAABAAEAAAIBRAA7",
Imtiaz,Baby World,Baby Food,365344,Cerelac Cereal Wheat 350g,845.0,"data:image/gif;base64,R0lGODlhAQABAIAAAAAAAP///yH5BAEAAAAALAAAAAABAAEAAAIBRAA7",
Imtiaz,Baby World,Baby Food,369111,Prep Up Cereal Wheat Milk & Fruits 175G,455.0,"data:image/gif;base64,R0lGODlhAQABAIAAAAAAAP///yH5BAEAAAAALAAAAAABAAEAAAIBRAA7",
Imtiaz,Baby World,Baby Food,365346,Cerelac Cereal 3 Fruits 175g,425.0,"data:image/gif;base64,R0lGODlhAQABAIAAAAAAAP///yH5BAEAAAAALAAAAAABAAEAAAIBRAA7",
Imtiaz,Baby World,Baby Food,367848,Cerelac Cereal Wheat 175g,425.0,"data:image/gif;base64,R0lGODlhAQABAIAAAAAAAP///yH5BAEAAAAALAAAAAABAAEAAAIBRAA7",
Imtiaz,Baby World,Baby Food,367849,Cerelac Cereal Yellow Fruits 175g,525.0,"data:image/gif;base64,R0lGODlhAQABAIAAAAAAAP///yH5BAEAAAAALAAAAAABAAEAAAIBRAA7",
Imtiaz,Baby World,Baby Food,367846,Cerelac Cereal Red Fruits 175g,525.0,"data:image/gif;base64,R0lGODlhAQABAIAAAAAAAP///yH5BAEAAAAALAAAAAABAAEAAAIBRAA7",
Imtiaz,Baby World,Baby Food,369112,Cerelac Cereal Nature'S Slecetion Pomegrante 175G,589.0,"data:image/gif;base64,R0lGODlhAQABAIAAAAAAAP///yH5BAEAAAAALAAAAAABAAEAAAIBRAA7",
Imtiaz,Baby World,Baby Food,365345,Cerelac Cereal Rice 175g,425.0,"data:image/gif;base64,R0lGODlhAQABAIAAAAAAAP///yH5BAEAAAAALAAAAAABAAEAAAIBRAA7",
Imtiaz,Baby World,Baby Food,367847,Cerelac AppleStrawberry & Pears 175g,525.0,"data:image/gif;base64,R0lGODlhAQABAIAAAAAAAP///yH5BAEAAAAALAAAAAABAAEAAAIBRAA7",
Imtiaz,Health & Beauty,Oral Care,369558,Colgate Plax Mouth Wash Peppermint 250Ml,445.0,"data:image/gif;base64,R0lGODlhAQABAIAAAAAAAP///yH5BAEAAAAALAAAAAABAAEAAAIBRAA7",
Imtiaz,Health & Beauty,Oral Care,371289,Listerine Mouth Wash Cool Mint 500ml,1199.0,"data:image/gif;base64,R0lGODlhAQABAIAAAAAAAP///yH5BAEAAAAALAAAAAABAAEAAAIBRAA7",
Imtiaz,Health & Beauty,Oral Care,371293,Listerine Mouth Wash Advanced Tartar Control 250ml,725.0,"data:image/gif;base64,R0lGODlhAQABAIAAAAAAAP///yH5BAEAAAAALAAAAAABAAEAAAIBRAA7",
Imtiaz,Health & Beauty,Facial Care,366735,Aloe Vera Soothing Gel 260ml (M.S),325.0,"data:image/gif;base64,R0lGODlhAQABAIAAAAAAAP///yH5BAEAAAAALAAAAAABAAEAAAIBRAA7",
Imtiaz,Health & Beauty,Facial Care,369512,Vince Face Intense Glow Xtra Fair 75Ml,335.0,"data:image/gif;base64,R0lGODlhAQABAIAAAAAAAP///yH5BAEAAAAALAAAAAABAAEAAAIBRAA7",
Imtiaz,Health & Beauty,Facial Care,369514,Tibbi Spray Rose Water 120Ml,235.0,"data:image/gif;base64,R0lGODlhAQABAIAAAAAAAP///yH5BAEAAAAALAAAAAABAAEAAAIBRAA7",
Imtiaz,Health & Beauty,Facial Care,370960,Vince Xtra Fair Cleansing Milk 120ml,409.0,"data:image/gif;base64,R0lGODlhAQABAIAAAAAAAP///yH5BAEAAAAALAAAAAABAAEAAAIBRAA7",
Imtiaz,Health & Beauty,Facial Care,370961,Vince Cleansing Milk Grape Seed Extract 160ml,1019.0,"data:image/gif;base64,R0lGODlhAQABAIAAAAAAAP///yH5BAEAAAAALAAAAAABAAEAAAIBRAA7",
Imtiaz,Health & Beauty,Facial Care,370962,SPA In A Bottle Serum Rose Beauty Elixir 15ml,1189.0,"data:image/gif;base64,R0lGODlhAQABAIAAAAAAAP///yH5BAEAAAAALAAAAAABAAEAAAIBRAA7",
Imtiaz,Health & Beauty,Facial Care,370964,SPA In A Bottle Serum Hyaluronic Acid 30ml,2045.0,"data:image/gif;base64,R0lGODlhAQABAIAAAAAAAP///yH5BAEAAAAALAAAAAABAAEAAAIBRAA7",
Imtiaz,Health & Beauty,Facial Care,370965,SPA In A Bottle Serum Vitamin E 30ml,1659.0,"data:image/gif;base64,R0lGODlhAQABAIAAAAAAAP///yH5BAEAAAAALAAAAAABAAEAAAIBRAA7",
Imtiaz,Health & Beauty,Facial Care,370966,SPA In A Bottle Serum 24 K Gold 15ml,1189.0,"data:image/gif;base64,R0lGODlhAQABAIAAAAAAAP///yH5BAEAAAAALAAAAAABAAEAAAIBRAA7",
Imtiaz,Health & Beauty,Facial Care,370968,Vince Toner Lightening 160ml,1019.0,"data:image/gif;base64,R0lGODlhAQABAIAAAAAAAP///yH5BAEAAAAALAAAAAABAAEAAAIBRAA7",
Imtiaz,Health & Beauty,Facial Care,370969,Palmer's Astringent Facial Deep Clean 250ml,2429.0,"data:image/gif;base64,R0lGODlhAQABAIAAAAAAAP///yH5BAEAAAAALAAAAAABAAEAAAIBRAA7",
Imtiaz,Health & Beauty,Facial Care,370975,Neutrogena Hydro Boost Cleanser Water Gel 200ml,2899.0,"data:image/gif;base64,R0lGODlhAQABAIAAAAAAAP///yH5BAEAAAAALAAAAAABAAEAAAIBRAA7",
Imtiaz,Health & Beauty,Facial Care,370978,Palmer's Scar Serum VitE 30ml,3875.0,"data:image/gif;base64,R0lGODlhAQABAIAAAAAAAP///yH5BAEAAAAALAAAAAABAAEAAAIBRAA7",
Imtiaz,Health & Beauty,Personal Hygiene,365521,Cool & Cool Cotton Buds C1775 100's,155.0,"data:image/gif;base64,R0lGODlhAQABAIAAAAAAAP///yH5BAEAAAAALAAAAAABAAEAAAIBRAA7",
Imtiaz,Health & Beauty,Personal Hygiene,366692,Fay Cotton Buds 100's Jar,154.0,"data:image/gif;base64,R0lGODlhAQABAIAAAAAAAP///yH5BAEAAAAALAAAAAABAAEAAAIBRAA7",
Imtiaz,Health & Beauty,Personal Hygiene,369454,Sfs Cotton 500G,836.0,"data:image/gif;base64,R0lGODlhAQABAIAAAAAAAP///yH5BAEAAAAALAAAAAABAAEAAAIBRAA7",
Imtiaz,Health & Beauty,Personal Hygiene,369455,Sfs Cotton 100G,188.0,"data:image/gif;base64,R0lGODlhAQABAIAAAAAAAP///yH5BAEAAAAALAAAAAABAAEAAAIBRAA7",
Imtiaz,Health & Beauty,Personal Hygiene,369456,Sfs Cotton 400G,679.0,"data:image/gif;base64,R0lGODlhAQABAIAAAAAAAP///yH5BAEAAAAALAAAAAABAAEAAAIBRAA7",
Imtiaz,Health & Beauty,Personal Hygiene,374965,Tip Top's Cotton Buds P 100's Pch,109.0,"data:image/gif;base64,R0lGODlhAQABAIAAAAAAAP///yH5BAEAAAAALAAAAAABAAEAAAIBRAA7",
Imtiaz,Health & Beauty,Personal Hygiene,374967,Tip Top's Cotton Buds P 200's Box,275.0,"data:image/gif;base64,R0lGODlhAQABAIAAAAAAAP///yH5BAEAAAAALAAAAAABAAEAAAIBRAA7",
Imtiaz,Health & Beauty,Personal Hygiene,374966,Tip Top's Cotton Buds W 200's Box,315.0,"data:image/gif;base64,R0lGODlhAQABAIAAAAAAAP///yH5BAEAAAAALAAAAAABAAEAAAIBRAA7",
Imtiaz,Health & Beauty,Personal Hygiene,374964,Tip Top's Cotton Buds W 100's Pch,145.0,"data:image/gif;base64,R0lGODlhAQABAIAAAAAAAP///yH5BAEAAAAALAAAAAABAAEAAAIBRAA7",
Imtiaz,Health & Beauty,Men's Grooming,367351,Touchme Shaving Cream Standard,145.0,"data:image/gif;base64,R0lGODlhAQABAIAAAAAAAP///yH5BAEAAAAALAAAAAABAAEAAAIBRAA7",
Imtiaz,Health & Beauty,Feminine Care,366745,Veet Body Wax Strips DRy Skin 12's Local,625.0,"data:image/gif;base64,R0lGODlhAQABAIAAAAAAAP///yH5BAEAAAAALAAAAAABAAEAAAIBRAA7",
Imtiaz,Health & Beauty,Feminine Care,369629,Lubna'S Hair Wax Wonder L,115.0,"data:image/gif;base64,R0lGODlhAQABAIAAAAAAAP///yH5BAEAAAAALAAAAAABAAEAAAIBRAA7",
Imtiaz,Home Care,Laundry,366843,Tyfon Bleach 1Ltr,325.0,"data:image/gif;base64,R0lGODlhAQABAIAAAAAAAP///yH5BAEAAAAALAAAAAABAAEAAAIBRAA7",
Imtiaz,Home Care,Laundry,366845,Super Bleach 500ml,149.0,"data:image/gif;base64,R0lGODlhAQABAIAAAAAAAP///yH5BAEAAAAALAAAAAABAAEAAAIBRAA7",
Imtiaz,Home Care,Laundry,366846,Tyfon Bleach 500ml,205.0,"data:image/gif;base64,R0lGODlhAQABAIAAAAAAAP///yH5BAEAAAAALAAAAAABAAEAAAIBRAA7",
Imtiaz,Home Care,Laundry,369701,Super Bleach 1Ltr,239.0,"data:image/gif;base64,R0lGODlhAQABAIAAAAAAAP///yH5BAEAAAAALAAAAAABAAEAAAIBRAA7",
Imtiaz,Home Care,Laundry,369703,Aci Color Bleach 500Ml,499.0,"data:image/gif;base64,R0lGODlhAQABAIAAAAAAAP///yH5BAEAAAAALAAAAAABAAEAAAIBRAA7",
Imtiaz,Home Care,Laundry,371912,Robin Bleach 1Ltr,1095.0,"data:image/gif;base64,R0lGODlhAQABAIAAAAAAAP///yH5BAEAAAAALAAAAAABAAEAAAIBRAA7",
Imtiaz,Home Care,Laundry,369702,Robin Bleach 450ml,559.0,"data:image/gif;base64,R0lGODlhAQABAIAAAAAAAP///yH5BAEAAAAALAAAAAABAAEAAAIBRAA7",
Imtiaz,Home Care,Cleaning,369648,Super Clean Naphthalene Balls Large,456.0,"data:image/gif;base64,R0lGODlhAQABAIAAAAAAAP///yH5BAEAAAAALAAAAAABAAEAAAIBRAA7",
Imtiaz,Home Care,Cleaning,366802,Roomi Naphthalene Balls Colored,215.0,"data:image/gif;base64,R0lGODlhAQABAIAAAAAAAP///yH5BAEAAAAALAAAAAABAAEAAAIBRAA7",
Imtiaz,Home Care,Disposable,371928,Jazee Butter Paper 12x14 24's,305.0,"data:image/gif;base64,R0lGODlhAQABAIAAAAAAAP///yH5BAEAAAAALAAAAAABAAEAAAIBRAA7",
Imtiaz,Home Care,Disposable,371929,Jazee Butter Paper 9x12 36's,305.0,"data:image/gif;base64,R0lGODlhAQABAIAAAAAAAP///yH5BAEAAAAALAAAAAABAAEAAAIBRAA7",
Imtiaz,Home Care,Tissue,363950,Tulip Toilet Roll Pink,55.0,"data:image/gif;base64,R0lGODlhAQABAIAAAAAAAP///yH5BAEAAAAALAAAAAABAAEAAAIBRAA7",
Imtiaz,Home Care,Tissue,365911,Rose Petal Maxob Toilet Roll Family Pack 8's+2s Free,909.0,"data:image/gif;base64,R0lGODlhAQABAIAAAAAAAP///yH5BAEAAAAALAAAAAABAAEAAAIBRAA7",
Imtiaz,Home Care,Tissue,365912,Hankies Toilet Roll Twin Pack,209.0,"data:image/gif;base64,R0lGODlhAQABAIAAAAAAAP///yH5BAEAAAAALAAAAAABAAEAAAIBRAA7",
Imtiaz,Home Care,Tissue,365914,Fay Toilet Roll Twin Pack,199.0,"data:image/gif;base64,R0lGODlhAQABAIAAAAAAAP///yH5BAEAAAAALAAAAAABAAEAAAIBRAA7",
Imtiaz,Home Care,Tissue,365915,Hankies Toilet Roll Small,100.0,"data:image/gif;base64,R0lGODlhAQABAIAAAAAAAP///yH5BAEAAAAALAAAAAABAAEAAAIBRAA7",
Imtiaz,Home Care,Tissue,365916,Fay Toilet Roll,109.0,"data:image/gif;base64,R0lGODlhAQABAIAAAAAAAP///yH5BAEAAAAALAAAAAABAAEAAAIBRAA7",
Imtiaz,Home Care,Tissue,365917,Hankies Toilet Roll Single,115.0,"data:image/gif;base64,R0lGODlhAQABAIAAAAAAAP///yH5BAEAAAAALAAAAAABAAEAAAIBRAA7",
Imtiaz,Home Care,Tissue,366853,Hankies Toilet Roll 10's,905.0,"data:image/gif;base64,R0lGODlhAQABAIAAAAAAAP///yH5BAEAAAAALAAAAAABAAEAAAIBRAA7",
Imtiaz,Home Care,Tissue,369721,Fay Toilet Roll Economy Pack 10'S,912.0,"data:image/gif;base64,R0lGODlhAQABAIAAAAAAAP///yH5BAEAAAAALAAAAAABAAEAAAIBRAA7",
Imtiaz,Home Care,Tissue,371932,Fay Toilet Roll Biggest 4's,415.0,"data:image/gif;base64,R0lGODlhAQABAIAAAAAAAP///yH5BAEAAAAALAAAAAABAAEAAAIBRAA7",
Imtiaz,Home Care,Air Fresheners & Home Fragrances,365946,Roomi Air Freshner Block Refill L,215.0,"data:image/gif;base64,R0lGODlhAQABAIAAAAAAAP///yH5BAEAAAAALAAAAAABAAEAAAIBRAA7",
Imtiaz,Home Care,Air Fresheners & Home Fragrances,365947,Fresh Touch Air Freshner Refill Lavender 80g,165.0,"data:image/gif;base64,R0lGODlhAQABAIAAAAAAAP///yH5BAEAAAAALAAAAAABAAEAAAIBRAA7",
Imtiaz,Home Care,Air Fresheners & Home Fragrances,366855,Fresh Touch Air Freshner Refill Lemon 80g,165.0,"data:image/gif;base64,R0lGODlhAQABAIAAAAAAAP///yH5BAEAAAAALAAAAAABAAEAAAIBRAA7",
Imtiaz,Home Care,Air Fresheners & Home Fragrances,366856,Fresh Touch Air Freshner Refill Rose 80g,165.0,"data:image/gif;base64,R0lGODlhAQABAIAAAAAAAP///yH5BAEAAAAALAAAAAABAAEAAAIBRAA7",
Imtiaz,Home Care,Air Fresheners & Home Fragrances,366854,Fresh Touch Air Freshner Refill Jasmine 80g,165.0,"data:image/gif;base64,R0lGODlhAQABAIAAAAAAAP///yH5BAEAAAAALAAAAAABAAEAAAIBRAA7",
Imtiaz,Pharmacy,Husk,365978,Marhaba Ispaghol Husk Box 50g,305.0,"data:image/gif;base64,R0lGODlhAQABAIAAAAAAAP///yH5BAEAAAAALAAAAAABAAEAAAIBRAA7",
Imtiaz,Pharmacy,Husk,365980,Ponam Ispaghol Husk 100g,399.0,"data:image/gif;base64,R0lGODlhAQABAIAAAAAAAP///yH5BAEAAAAALAAAAAABAAEAAAIBRAA7",
Imtiaz,Pharmacy,Husk,366973,Marhaba Ispaghol Husk Jar 95g,629.0,"data:image/gif;base64,R0lGODlhAQABAIAAAAAAAP///yH5BAEAAAAALAAAAAABAAEAAAIBRAA7",
Imtiaz,Pharmacy,Husk,369937,Hashmi Ispaghol Husk 290G Jar,1919.0,"data:image/gif;base64,R0lGODlhAQABAIAAAAAAAP///yH5BAEAAAAALAAAAAABAAEAAAIBRAA7",
Imtiaz,Pharmacy,Herbal Medicine,365981,Hashmi Joshanda Sachet 1's,25.0,"data:image/gif;base64,R0lGODlhAQABAIAAAAAAAP///yH5BAEAAAAALAAAAAABAAEAAAIBRAA7",
Imtiaz,Pharmacy,Lozenges,366964,Linkus Nova Lozenges Orange S/F 8's,118.33,"data:image/gif;base64,R0lGODlhAQABAIAAAAAAAP///yH5BAEAAAAALAAAAAABAAEAAAIBRAA7",
Imtiaz,Pharmacy,Lozenges,369929,Dr Koff Lozenges Honey & Lemon 6'S,268.7,"data:image/gif;base64,R0lGODlhAQABAIAAAAAAAP///yH5BAEAAAAALAAAAAABAAEAAAIBRAA7",
Imtiaz,Pharmacy,Lozenges,369930,Dr Koff Lozenges Tulsi 6'S,282.1,"data:image/gif;base64,R0lGODlhAQABAIAAAAAAAP///yH5BAEAAAAALAAAAAABAAEAAAIBRAA7",
Imtiaz,Pharmacy,Lozenges,369931,Kalonji With Honey Lozenges 6'S,100.0,"data:image/gif;base64,R0lGODlhAQABAIAAAAAAAP///yH5BAEAAAAALAAAAAABAAEAAAIBRAA7",
Imtiaz,Pharmacy,Sexual Wellness,371972,Durex Play Lubricant Very Cherry 50ml,929.0,"data:image/gif;base64,R0lGODlhAQABAIAAAAAAAP///yH5BAEAAAAALAAAAAABAAEAAAIBRAA7",
Imtiaz,Pharmacy,Sexual Wellness,371974,K Y Lubricant Jelly 50g,1049.0,"data:image/gif;base64,R0lGODlhAQABAIAAAAAAAP///yH5BAEAAAAALAAAAAABAAEAAAIBRAA7",
Imtiaz,Pharmacy,Sexual Wellness,371975,Eros Cream 15g,1150.0,"data:image/gif;base64,R0lGODlhAQABAIAAAAAAAP///yH5BAEAAAAALAAAAAABAAEAAAIBRAA7",
