site,title,price,image_url,product_url,size_value,size_unit,pack_count,normalized_quantity,notes,brand,category,brand_category,unit_price,unit_price_unit,per_unit_price
Naheed,Young's Honey 240gm,630.0,https://media.naheed.pk/catalog/product/cache/57044254b6ba66615c533891fd7cf70f/1/0/1001564-1.jpg,https://www.naheed.pk/young-s-honey-240gm,240.0,g,0,240.0,no-pack,Youngs,Grocery,Youngs_Grocery,2.625,PKR/g,630.0
Naheed,Langnese Honey 250gm,1550.0,https://media.naheed.pk/catalog/product/cache/57044254b6ba66615c533891fd7cf70f/1/0/1000463-1.jpg,https://www.naheed.pk/langnese-honey-250gm,250.0,g,0,250.0,no-pack,Langnese,Grocery,Langnese_Grocery,6.2,PKR/g,1550.0
Naheed,Langnese Honey 500gm,2799.0,https://media.naheed.pk/catalog/product/cache/57044254b6ba66615c533891fd7cf70f/1/0/1000464-1.jpg,https://www.naheed.pk/langnese-honey-500gm,500.0,g,0,500.0,no-pack,Langnese,Grocery,Langnese_Grocery,5.598,PKR/g,2799.0
Naheed,Al-Shifa Honey 500gm,2799.0,https://media.naheed.pk/catalog/product/cache/57044254b6ba66615c533891fd7cf70f/1/0/1001566-1.jpg,https://www.naheed.pk/al-shifa-honey-500gm,500.0,g,0,500.0,no-pack,Al-Shifa,Grocery,Al-Shifa_Grocery,5.598,PKR/g,2799.0
Naheed,Al-Shifa Honey 1kg,,https://media.naheed.pk/catalog/product/cache/57044254b6ba66615c533891fd7cf70f/1/0/1001567-1.jpg,https://www.naheed.pk/al-shifa-honey-1kg,1.0,kg,0,1000.0,no-pack,Al-Shifa,Grocery,Al-Shifa_Grocery,,,
Alfatah,MARHABA HONEY 80 GM,165.0,https://cdn.shopify.com/s/files/1/0777/0954/1664/files/8964000057025_2a7856b4-68d3-4cf7-8123-40f42235e7b2.jpg?v=1726135429,https://alfatah.pk/products/marhaba-honey-80-gm,80.0,g,0,80.0,no-pack,Marhaba,Grocery,Marhaba_Grocery,2.0625,PKR/g,165.0
Alfatah,NATURE NECTAR EUCALYPTUS HONEY 130GM,460.0,https://cdn.shopify.com/s/files/1/0777/0954/1664/files/Untitled_c680fa55-3f73-431d-b101-4039bba1d580.png?v=1700517621,https://alfatah.pk/products/nature-nectar-eucalyptus-honey-130gm,130.0,g,0,130.0,no-pack,Nature,Grocery,Nature_Grocery,3.5384615384615383,PKR/g,460.0
Alfatah,GRANS AJWAIN HONEY 400 GM,1000.0,https://cdn.shopify.com/s/files/1/0777/0954/1664/files/WhatsApp-Image-2020-11-18-at-5.48.37-PM.jpg?v=1700517658,https://alfatah.pk/products/grans-ajwain-honey-400-gm,400.0,g,0,400.0,no-pack,Grans,Grocery,Grans_Grocery,2.5,PKR/g,1000.0
Alfatah,YOUNGS BEE HIVES HONEY NATURAL 250 GM,595.0,https://cdn.shopify.com/s/files/1/0777/0954/1664/files/8964000061848.jpg?v=1690229961,https://alfatah.pk/products/youngs-bee-hives-honey-natural-250-gm,250.0,g,0,250.0,no-pack,Youngs,Grocery,Youngs_Grocery,2.38,PKR/g,595.0
Alfatah,LIFE STYLE HONEY JAR 1000 GM,1440.0,https://cdn.shopify.com/s/files/1/0777/0954/1664/files/8964000014851.jpg?v=1690219048,https://alfatah.pk/products/life-style-honey-jar-1000-gm,1000.0,g,0,1000.0,no-pack,Life,Grocery,Life_Grocery,1.44,PKR/g,1440.0
Alfatah,NATURE NECTAR ACAIA HONEY 125 GM,470.0,https://cdn.shopify.com/s/files/1/0777/0954/1664/products/NewProject-2023-05-01T120356.382.png?v=1704876776,https://alfatah.pk/products/nature-nectar-acaia-honey-125-gm,125.0,g,0,125.0,no-pack,Nature,Grocery,Nature_Grocery,3.76,PKR/g,470.0
Alfatah,LIFE STYLE HONEY JAR GLASS 500 GM,745.0,https://cdn.shopify.com/s/files/1/0777/0954/1664/files/8964000014257_9d894127-723a-4808-ab73-06c78a810314.jpg?v=1690219050,https://alfatah.pk/products/life-style-honey-jar-glass-500-gm,500.0,g,0,500.0,no-pack,Life,Grocery,Life_Grocery,1.49,PKR/g,745.0
Alfatah,YOUNGS BEE HIVES HONEY NATURAL PET BOTTLE 1 KG,1545.0,https://cdn.shopify.com/s/files/1/0777/0954/1664/files/8964000061886_1_09cc5f3a-e8f4-49df-a336-b115e136e975.jpg?v=1709788890,https://alfatah.pk/products/youngs-bee-hives-honey-natural-pet-bottle-1-kg,1.0,kg,0,1000.0,no-pack,Youngs,Grocery,Youngs_Grocery,1.545,PKR/g,1545.0
Alfatah,YOUNGS NATURAL HONEY BEE HIVES 500 GM,1045.0,https://cdn.shopify.com/s/files/1/0777/0954/1664/files/8964000061855_1.jpg?v=1709788266,https://alfatah.pk/products/youngs-natural-honey-bee-hives-500-gm,500.0,g,0,500.0,no-pack,Youngs,Grocery,Youngs_Grocery,2.09,PKR/g,1045.0
Alfatah,FRENCHS HONEY MUSTARD CLASSIC YELLOW 340 GM,1445.0,https://cdn.shopify.com/s/files/1/0777/0954/1664/files/041500000527_633be0c5-e28b-4b42-9656-6f45ce287b3a.jpg?v=1763554407,https://alfatah.pk/products/frenchs-honey-mustard-classic-yellow-340-gm,340.0,g,0,340.0,no-pack,Frenchs,Grocery,Frenchs_Grocery,4.25,PKR/g,1445.0
Alfatah,SALMANS PAK HONEY 200GM,465.0,https://cdn.shopify.com/s/files/1/0777/0954/1664/files/AFP-000249452.jpg?v=1741153740,https://alfatah.pk/products/salmans-pak-honey-200gm,200.0,g,0,200.0,no-pack,Salmans,Grocery,Salmans_Grocery,2.325,PKR/g,465.0
Alfatah,HARAMAIN TALBEENA HONEY 400GM,525.0,https://cdn.shopify.com/s/files/1/0777/0954/1664/files/888679021478_2847cd00-db9f-42d2-9176-a7347536fca9.jpg?v=1731050229,https://alfatah.pk/products/haramain-talbeena-honey-400gm,400.0,g,0,400.0,no-pack,Haramain,Grocery,Haramain_Grocery,1.3125,PKR/g,525.0
Alfatah,SHANGRILA HONEY MUSTARD 227 GM,635.0,https://cdn.shopify.com/s/files/1/0777/0954/1664/files/8964000844458.jpg?v=1690226282,https://alfatah.pk/products/shangrila-honey-mustard-227-gm,227.0,g,0,227.0,no-pack,Shangrila,Grocery,Shangrila_Grocery,2.797356828193833,PKR/g,635.0
Alfatah,DAALI BERI HONEY 370 GM,2150.0,https://cdn.shopify.com/s/files/1/0777/0954/1664/files/afp-000060020.png?v=1690211465,https://alfatah.pk/products/daali-beri-honey-370-gm,370.0,g,0,370.0,no-pack,Daali,Grocery,Daali_Grocery,5.8108108108108105,PKR/g,2150.0
Alfatah,YOUNGS BEE HIVES HONEY NATURAL GLASS 125 GM,345.0,https://cdn.shopify.com/s/files/1/0777/0954/1664/files/8964000061831_1_bfb5f333-b14a-46f2-9c08-9af5707447af.jpg?v=1709786938,https://alfatah.pk/products/youngs-bee-hives-honey-natural-glass-125-gm,125.0,g,0,125.0,no-pack,Youngs,Grocery,Youngs_Grocery,2.76,PKR/g,345.0
Alfatah,SWAT HONEY ACACIA 1 KG,1195.0,https://cdn.shopify.com/s/files/1/0777/0954/1664/files/WhatsApp-Image-2020-11-18-at-5.47.58-PM.jpg?v=1690227933,https://alfatah.pk/products/swat-honey-acacia-1-kg,1.0,kg,0,1000.0,no-pack,Swat,Grocery,Swat_Grocery,1.195,PKR/g,1195.0
Alfatah,GRANS PALUSA HONEY 400 GM,900.0,https://cdn.shopify.com/s/files/1/0777/0954/1664/files/NewProject_5_fa521942-8c76-4933-82c0-4d6eb9bfb207.png?v=1737202259,https://alfatah.pk/products/grans-wild-palosa-honey,400.0,g,0,400.0,no-pack,Grans,Grocery,Grans_Grocery,2.25,PKR/g,900.0
Alfatah,LANGNESE HONEY ACACIA 500 GM,3695.0,https://cdn.shopify.com/s/files/1/0777/0954/1664/files/NewProject_17_88583315-13d6-462f-bc31-bf508de660ed.png?v=1738906615,https://alfatah.pk/products/langnese-honey-acacia-500-gm,500.0,g,0,500.0,no-pack,Langnese,Grocery,Langnese_Grocery,7.39,PKR/g,3695.0
Alfatah,LANGNESE HONEY ACACIA 250 GM,1805.0,https://cdn.shopify.com/s/files/1/0777/0954/1664/files/AFP-000221488.jpg?v=1753789590,https://alfatah.pk/products/langnese-honey-acacia-250-gm,250.0,g,0,250.0,no-pack,Langnese,Grocery,Langnese_Grocery,7.22,PKR/g,1805.0
Alfatah,MARHABA HONEY BOTTLE 235 GM,380.0,https://cdn.shopify.com/s/files/1/0777/0954/1664/products/896400056073_1_d5a4209b-ab6b-4efa-aa46-7a9e946095c7.jpg?v=1704877119,https://alfatah.pk/products/marhaba-honey-bottle-235-gm,235.0,g,0,235.0,no-pack,Marhaba,Grocery,Marhaba_Grocery,1.6170212765957446,PKR/g,380.0
Alfatah,ALSHIFA HONEY NATURAL 125 GM,675.0,https://cdn.shopify.com/s/files/1/0777/0954/1664/files/6281073210266_1_dbf78059-bb86-4a0f-be76-b04b03c36d4e.jpg?v=1709788347,https://alfatah.pk/products/alshifa-honey-natural-125-gm,125.0,g,0,125.0,no-pack,Alshifa,Grocery,Alshifa_Grocery,5.4,PKR/g,675.0
Alfatah,SALMAN PAK HONEY 400 GM,695.0,https://cdn.shopify.com/s/files/1/0777/0954/1664/files/AFP-000378350.jpg?v=1753789590,https://alfatah.pk/products/salman-pak-honey-400-gm,400.0,g,0,400.0,no-pack,Salman,Grocery,Salman_Grocery,1.7375,PKR/g,695.0
Alfatah,ALSHIFA HONEY NATURAL 500 GM,2455.0,https://cdn.shopify.com/s/files/1/0777/0954/1664/files/6281073210181.jpg?v=1690207884,https://alfatah.pk/products/alshifa-honey-natural-500-gm,500.0,g,0,500.0,no-pack,Alshifa,Grocery,Alshifa_Grocery,4.91,PKR/g,2455.0
Alfatah,ALSHIFA HONEY NATURAL 250 GM,1335.0,https://cdn.shopify.com/s/files/1/0777/0954/1664/files/6281073210143_1_301cf3cb-6248-4ecc-a41a-67dfe7973179.jpg?v=1711085874,https://alfatah.pk/products/alshifa-honey-natural-250-gm,250.0,g,0,250.0,no-pack,Alshifa,Grocery,Alshifa_Grocery,5.34,PKR/g,1335.0
Alfatah,LIFE STYLE HONEY 400 GM,595.0,https://cdn.shopify.com/s/files/1/0777/0954/1664/files/NewProject_5_0e4153a9-3bdb-4bf5-babc-1f3223192d6c.png?v=1750741455,https://alfatah.pk/products/life-style-honey-400-gm-400-gm,400.0,g,0,400.0,no-pack,Life,Grocery,Life_Grocery,1.4875,PKR/g,595.0
Alfatah,ALSHIFA HONEY ACACIA 500 GM,4145.0,https://cdn.shopify.com/s/files/1/0777/0954/1664/files/6281073210426_a49a62b1-b775-4422-badd-97f63526a312.jpg?v=1756466740,https://alfatah.pk/products/alshifa-honey-acacia-500-gm,500.0,g,0,500.0,no-pack,Alshifa,Grocery,Alshifa_Grocery,8.29,PKR/g,4145.0
Alfatah,SWAT HONEY BERI 425 GM,1695.0,https://cdn.shopify.com/s/files/1/0777/0954/1664/files/84152442_38ed5d70-c279-44a2-9b0a-5b41e9f6dc26.jpg?v=1735889359,https://alfatah.pk/products/swat-honey-beri-425-gm,425.0,g,0,425.0,no-pack,Swat,Grocery,Swat_Grocery,3.988235294117647,PKR/g,1695.0
Alfatah,SWAT HONEY BERI 500 GM,1995.0,https://cdn.shopify.com/s/files/1/0777/0954/1664/files/40228273_7a615ae2-1972-40d5-92e6-359785f8f235.jpg?v=1731050518,https://alfatah.pk/products/swat-honey-beri-500-gm,500.0,g,0,500.0,no-pack,Swat,Grocery,Swat_Grocery,3.99,PKR/g,1995.0
Alfatah,SWAT HONEY GLASS 300 GM,495.0,https://cdn.shopify.com/s/files/1/0777/0954/1664/files/84152930_0074eefc-cc82-4d02-9691-5f532c741e66.jpg?v=1726135229,https://alfatah.pk/products/swat-honey-glass-300-gm,300.0,g,0,300.0,no-pack,Swat,Grocery,Swat_Grocery,1.65,PKR/g,495.0
Alfatah,ALSHIFA ACACIA HONEY 250 GM,2295.0,https://cdn.shopify.com/s/files/1/0777/0954/1664/files/6281073210389_ebdda0ed-ffea-4186-901a-52b0992497cf.jpg?v=1726135327,https://alfatah.pk/products/alshifa-acacia-honey-250-gm,250.0,g,0,250.0,no-pack,Alshifa,Grocery,Alshifa_Grocery,9.18,PKR/g,2295.0
Alfatah,SWAT HONEY ACACIA 250 GM,350.0,https://cdn.shopify.com/s/files/1/0777/0954/1664/files/85472174_83e6b4ca-ed49-40f0-b3ad-c3150d74f8ea.jpg?v=1738931849,https://alfatah.pk/products/swat-honey-acacia-250-gm,250.0,g,0,250.0,no-pack,Swat,Grocery,Swat_Grocery,1.4,PKR/g,350.0
Alfatah,SWAT HONEY BOTTLE 2.4 KG,2595.0,https://cdn.shopify.com/s/files/1/0777/0954/1664/files/84152978_23c82917-5ff7-48f2-b49d-515cc9f39728.jpg?v=1726135232,https://alfatah.pk/products/swat-honey-bottle-2-4-kg,2.4,kg,0,2400.0,no-pack,Swat,Grocery,Swat_Grocery,1.08125,PKR/g,2595.0
Alfatah,DAALI PURE HONEY 370 GM,895.0,https://cdn.shopify.com/s/files/1/0777/0954/1664/files/NewProject_21_a800519c-ae53-4f7a-b249-bbe446ff4c1d.png?v=1761985969,https://alfatah.pk/products/daali-pure-honey-370-gm,370.0,g,0,370.0,no-pack,Daali,Grocery,Daali_Grocery,2.418918918918919,PKR/g,895.0
Alfatah,SALMANS PAK HONEY 500 GM,715.0,https://cdn.shopify.com/s/files/1/0777/0954/1664/files/8964000034538.jpg?v=1690225733,https://alfatah.pk/products/salman-pak-honey-500-gm,500.0,g,0,500.0,no-pack,Salmans,Grocery,Salmans_Grocery,1.43,PKR/g,715.0
Alfatah,MARHABA HONEY GLASS 300 GM,495.0,https://cdn.shopify.com/s/files/1/0777/0954/1664/files/8964000057032_1_68672dbf-b4a9-4ad9-b1d1-0990f05afac0.jpg?v=1709788066,https://alfatah.pk/products/marhaba-honey-glass-300-gm,300.0,g,0,300.0,no-pack,Marhaba,Grocery,Marhaba_Grocery,1.65,PKR/g,495.0
Alfatah,SALMANS PAK HONEY 1 KG,1395.0,https://cdn.shopify.com/s/files/1/0777/0954/1664/files/8964000034552_1.jpg?v=1709790690,https://alfatah.pk/products/salman-pak-honey-1-kg,1.0,kg,0,1000.0,no-pack,Salmans,Grocery,Salmans_Grocery,1.395,PKR/g,1395.0
Alfatah,ALSHIFA HONEY NATURAL 1 KG,4345.0,https://cdn.shopify.com/s/files/1/0777/0954/1664/files/6281073210228.jpg?v=1690207884,https://alfatah.pk/products/alshifa-honey-natural-1-kg,1.0,kg,0,1000.0,no-pack,Alshifa,Grocery,Alshifa_Grocery,4.345,PKR/g,4345.0
Alfatah,SALMAN PAK HONEY 1.5 KG,2495.0,https://cdn.shopify.com/s/files/1/0777/0954/1664/files/8964000034569_1_c3932c67-741f-4879-90b4-89cb99c7599c.jpg?v=1709788925,https://alfatah.pk/products/salman-pak-honey-1-5-kg,1.5,kg,0,1500.0,no-pack,Salman,Grocery,Salman_Grocery,1.6633333333333333,PKR/g,2495.0
Alfatah,FF HONEY PUFF 200 GM,645.0,https://cdn.shopify.com/s/files/1/0777/0954/1664/files/AFP-000473320.jpg?v=1748938768,https://alfatah.pk/products/ff-honey-puff-200-gm,200.0,g,0,200.0,no-pack,Ff,Grocery,Ff_Grocery,3.225,PKR/g,645.0
Alfatah,DIPITT HONEY MUSTARD SAUCE 290GM,429.0,https://cdn.shopify.com/s/files/1/0777/0954/1664/files/788821016836.jpg?v=1690212503,https://alfatah.pk/products/dipitt-honey-mustard-sauce-290gm,290.0,g,0,290.0,no-pack,Dipitt,Grocery,Dipitt_Grocery,1.4793103448275862,PKR/g,429.0
Alfatah,YOUNGS BEE HIVES HONEY BOTTLE 170 GM,445.0,https://cdn.shopify.com/s/files/1/0777/0954/1664/files/8964000061732.jpg?v=1690229957,https://alfatah.pk/products/youngs-bee-hives-honey-bottle-170-gm,170.0,g,0,170.0,no-pack,Youngs,Grocery,Youngs_Grocery,2.6176470588235294,PKR/g,445.0
Alfatah,LANGNESE PURE BEE HONEY 375 GM,1945.0,https://cdn.shopify.com/s/files/1/0777/0954/1664/files/NewProject_22_5fecb856-5414-4560-926b-f0ff09904fe6.png?v=1738907210,https://alfatah.pk/products/langnese-pure-bee-honey-375-gm,375.0,g,0,375.0,no-pack,Langnese,Grocery,Langnese_Grocery,5.1866666666666665,PKR/g,1945.0
Alfatah,LANGNESE PURE BEE HONEY 500 GM,2495.0,https://cdn.shopify.com/s/files/1/0777/0954/1664/files/AFP-000113576.jpg?v=1753789590,https://alfatah.pk/products/langnese-pure-bee-honey-500-gm,500.0,g,0,500.0,no-pack,Langnese,Grocery,Langnese_Grocery,4.99,PKR/g,2495.0
Alfatah,LANGNESE PURE BEE HONEY 250 GM,1345.0,https://cdn.shopify.com/s/files/1/0777/0954/1664/files/4023300850102_1.jpg?v=1709788371,https://alfatah.pk/products/langnese-pure-bee-honey-250-gm,250.0,g,0,250.0,no-pack,Langnese,Grocery,Langnese_Grocery,5.38,PKR/g,1345.0
Alfatah,LIFE STYLE HONEY JAR 250 GM,395.0,https://cdn.shopify.com/s/files/1/0777/0954/1664/products/8964000014134_1_e3c70ea6-50f1-4741-ae17-5daa62ebbd71.jpg?v=1704876793,https://alfatah.pk/products/life-style-honey-jar-250-gm,250.0,g,0,250.0,no-pack,Life,Grocery,Life_Grocery,1.58,PKR/g,395.0
Alfatah,HAUT NOTCH STRAWBERRY WITH HONEY 400GM,565.0,https://cdn.shopify.com/s/files/1/0777/0954/1664/files/8964003320225_ba2f889d-1052-42da-87b2-b522c43b297d.jpg?v=1744621282,https://alfatah.pk/products/haut-notch-strawberry-with-honey-400gm,400.0,g,0,400.0,no-pack,Haut,Grocery,Haut_Grocery,1.4125,PKR/g,565.0
Alfatah,LANGNESE PURE BEE HONEY 1000 GM,4695.0,https://cdn.shopify.com/s/files/1/0777/0954/1664/files/4023300850300_1.jpg?v=1709788296,https://alfatah.pk/products/langnese-pure-bee-honey-1000-gm,1000.0,g,0,1000.0,no-pack,Langnese,Grocery,Langnese_Grocery,4.695,PKR/g,4695.0
Alfatah,LANGNESE PURE BEE HONEY 125 GM,729.0,https://cdn.shopify.com/s/files/1/0777/0954/1664/files/NewProject_26_b8893be0-5c1f-4a78-84c7-c3979b171d47.png?v=1738907850,https://alfatah.pk/products/langnese-pure-bee-honey-125-gm,125.0,g,0,125.0,no-pack,Langnese,Grocery,Langnese_Grocery,5.832,PKR/g,729.0
Alfatah,LANGNESE HONEY BLACK FOREST 250 GM,2345.0,https://cdn.shopify.com/s/files/1/0777/0954/1664/files/4023300867100_2.jpg?v=1709791906,https://alfatah.pk/products/langnese-honey-black-forest-250-gm,250.0,g,0,250.0,no-pack,Langnese,Grocery,Langnese_Grocery,9.38,PKR/g,2345.0
Alfatah,LANGNESE HONEY BLACK FOREST 500 GM,4095.0,https://cdn.shopify.com/s/files/1/0777/0954/1664/files/4023300867209_1_fecab540-435d-47df-b8a2-92dc91a720e6.jpg?v=1709788956,https://alfatah.pk/products/langnese-honey-black-forest-500-gm,500.0,g,0,500.0,no-pack,Langnese,Grocery,Langnese_Grocery,8.19,PKR/g,4095.0
Alfatah,N HUG WILDFLOWER HONEY 250 GM,995.0,https://cdn.shopify.com/s/files/1/0777/0954/1664/files/AFP-000289515_0b3e1fd3-0439-4945-9d7a-824385e01352.jpg?v=1738928511,https://alfatah.pk/products/natures-hug-wildflower-honey-250-gm,250.0,g,0,250.0,no-pack,N,Grocery,N_Grocery,3.98,PKR/g,995.0
Alfatah,LIFE STYLE HONEY GLASS 300 GM,540.0,https://cdn.shopify.com/s/files/1/0777/0954/1664/files/8964000014295.jpg?v=1690219046,https://alfatah.pk/products/life-style-honey-glass-300-gm,300.0,g,0,300.0,no-pack,Life,Grocery,Life_Grocery,1.8,PKR/g,540.0
Alfatah,NATURE NECTAR ORANGE HONEY 125 GM,480.0,https://cdn.shopify.com/s/files/1/0777/0954/1664/files/AFP-000283556_7ce9bea1-bd87-4ebd-8610-bf212a38e345.jpg?v=1738928491,https://alfatah.pk/products/nature-nectar-orange-honey-125-gm,125.0,g,0,125.0,no-pack,Nature,Grocery,Nature_Grocery,3.84,PKR/g,480.0
Alfatah,NATURE NECTAR SIDR HONEY 125 GM,590.0,https://cdn.shopify.com/s/files/1/0777/0954/1664/products/NewProject-2023-05-01T120729.028.png?v=1704876781,https://alfatah.pk/products/nature-nectar-sidr-honey-125-gm,125.0,g,0,125.0,no-pack,Nature,Grocery,Nature_Grocery,4.72,PKR/g,590.0
Alfatah,NN ORGANIC WILD FLOWER HONEY (400G),1470.0,https://cdn.shopify.com/s/files/1/0777/0954/1664/files/6500000368024_3070822d-cff7-4c04-b29f-8dcf2e53e692.jpg?v=1700517619,https://alfatah.pk/products/nn-organic-wild-flower-honey-400g,400.0,g,0,400.0,no-pack,Nn,Grocery,Nn_Grocery,3.675,PKR/g,1470.0
Alfatah,NATURE NECTAR WILD FLOWER HONEY 130GM,475.0,https://cdn.shopify.com/s/files/1/0777/0954/1664/files/NewProject_71_59dbae85-9814-4306-9ac1-d03b5ec4820b.png?v=1758106442,https://alfatah.pk/products/nature-nectar-wild-flower-honey-130gm,130.0,g,0,130.0,no-pack,Nature,Grocery,Nature_Grocery,3.6538461538461537,PKR/g,475.0
Alfatah,AMERICAN KUISINE OATS COOKIES HONEY 176GM,845.0,https://cdn.shopify.com/s/files/1/0777/0954/1664/files/8964002862740_2.jpg?v=1706877664,https://alfatah.pk/products/american-kuisine-oats-cookies-honey-176gm,176.0,g,0,176.0,no-pack,American,Grocery,American_Grocery,4.801136363636363,PKR/g,845.0
Alfatah,ALSHIFA HONEY GINGER PURE 250 GM,2895.0,https://cdn.shopify.com/s/files/1/0777/0954/1664/files/6281073212307_bce89bbc-5e61-41bf-a1fc-a15d53baf66a.jpg?v=1746790346,https://alfatah.pk/products/alshifa-honey-ginger-pure-250-gm,250.0,g,0,250.0,no-pack,Alshifa,Grocery,Alshifa_Grocery,11.58,PKR/g,2895.0
Alfatah,ALSHIFA BLACK FOREST HONEY 250 GM,2295.0,https://cdn.shopify.com/s/files/1/0777/0954/1664/files/6281073210549_57f6e66b-5900-41cc-978c-63558e5ed74a.jpg?v=1726135330,https://alfatah.pk/products/alshifa-black-forest-honey-250-gm,250.0,g,0,250.0,no-pack,Alshifa,Grocery,Alshifa_Grocery,9.18,PKR/g,2295.0
Alfatah,N HUG BUCKWHEAT HONEY 250 GM,1095.0,https://cdn.shopify.com/s/files/1/0777/0954/1664/files/AFP-000289514_c5f73875-adca-404a-a6ff-eecee02dca5a.png?v=1690222526,https://alfatah.pk/products/n-hug-buckwheat-honey-250-gm,250.0,g,0,250.0,no-pack,N,Grocery,N_Grocery,4.38,PKR/g,1095.0
Alfatah,N HUG WILDFLOWER HONEY 500 GM,1895.0,https://cdn.shopify.com/s/files/1/0777/0954/1664/files/AFP-000289516_e0bb1515-731f-4b2f-97ec-3ae2e5c6314a.jpg?v=1738928565,https://alfatah.pk/products/natures-hug-wildflower-honey-500-gm,500.0,g,0,500.0,no-pack,N,Grocery,N_Grocery,3.79,PKR/g,1895.0
Alfatah,KETTLE CHIPS HONEY BARBECUE 130 GM,1595.0,https://cdn.shopify.com/s/files/1/0777/0954/1664/files/8718781203375_3d11866f-92bc-4763-b971-49332c55f1cf.jpg?v=1756466714,https://alfatah.pk/products/kettle-chips-honey-barbecue-130-gm,130.0,g,0,130.0,no-pack,Kettle,Grocery,Kettle_Grocery,12.26923076923077,PKR/g,1595.0
Alfatah,Y.S.L LOVESHINE 204 MELTED HONEY 3.2G,15900.0,https://cdn.shopify.com/s/files/1/0777/0954/1664/files/3614274132724_6a7e909e-881a-4b0a-b982-b4275ad471aa.jpg?v=1742381288,https://alfatah.pk/products/y-s-l-loveshine-204-melted-honey-3-2g,3.2,g,0,3.2,no-pack,Ysl,Grocery,Ysl_Grocery,4968.75,PKR/g,15900.0
Alfatah,MAC LIPSTICK 605 HONEY LOVE 3.5G,8995.0,https://cdn.shopify.com/s/files/1/0777/0954/1664/files/773602685158_713335dd-57ce-45a4-b8f8-1d993d509444.jpg?v=1728129130,https://alfatah.pk/products/mac-lipstick-605-honey-love-3-5g,3.5,g,0,3.5,no-pack,Mac,Grocery,Mac_Grocery,2570.0,PKR/g,8995.0
Alfatah,DAALI CITRUS HONEY 100% PURE 370 GM,900.0,https://cdn.shopify.com/s/files/1/0777/0954/1664/files/NewProject_13_441aa22a-c445-45d8-968a-f27b1fbf8925.png?v=1738906015,https://alfatah.pk/products/daali-citrus-honey-100-pure-370-gm,370.0,g,0,370.0,no-pack,Daali,Grocery,Daali_Grocery,2.4324324324324325,PKR/g,900.0
Alfatah,DAALI OLIVE BLOSSOM HONEY 350 GM PC,1495.0,https://cdn.shopify.com/s/files/1/0777/0954/1664/files/WhatsApp-Image-2020-11-18-at-5.50.23-PM.jpg?v=1690211495,https://alfatah.pk/products/daali-olive-blossom-honey-350-gm-pc,350.0,g,0,350.0,no-pack,Daali,Grocery,Daali_Grocery,4.271428571428571,PKR/g,1495.0
Alfatah,PEANUT BUTTER WITH HONEY CHUNKY 450 GM,1295.0,https://cdn.shopify.com/s/files/1/0777/0954/1664/files/2024040001603_b2b703a5-7f09-4886-9b19-9d1cda87af1b.jpg?v=1737205393,https://alfatah.pk/products/peanut-butter-with-honey-chunky-450-gm,450.0,g,0,450.0,no-pack,Peanut,Grocery,Peanut_Grocery,2.8777777777777778,PKR/g,1295.0
Alfatah,PEANUT BUTTER WITH HONEY CREAMY 450 GM,1295.0,https://cdn.shopify.com/s/files/1/0777/0954/1664/files/2024040001580_29ab6c3d-86f5-4c86-8e7f-a41fcbb337c9.jpg?v=1737205390,https://alfatah.pk/products/peanut-butter-with-honey-creamy-450-gm,450.0,g,0,450.0,no-pack,Peanut,Grocery,Peanut_Grocery,2.8777777777777778,PKR/g,1295.0
Alfatah,AL SHIFA HONEY NATURAL BOTTLE 400 GM,2195.0,https://cdn.shopify.com/s/files/1/0777/0954/1664/files/6281073211102.jpg?v=1690207890,https://alfatah.pk/products/al-shifa-honey-natural-bottle-400-gm,400.0,g,0,400.0,no-pack,Al,Grocery,Al_Grocery,5.4875,PKR/g,2195.0
Alfatah,MARHABA HONEY PURE N NATURAL 500 GM,735.0,https://cdn.shopify.com/s/files/1/0777/0954/1664/files/8964000056080_1.jpg?v=1711085963,https://alfatah.pk/products/marhaba-honey-pure-n-natural-500-gm,500.0,g,0,500.0,no-pack,Marhaba,Grocery,Marhaba_Grocery,1.47,PKR/g,735.0
Alfatah,NATURE NECTAR BLACK FOREST HONEY 125 GM,490.0,https://cdn.shopify.com/s/files/1/0777/0954/1664/products/NewProject-2023-05-01T120815.444.png?v=1704876784,https://alfatah.pk/products/nature-nectar-black-forest-honey-125-gm,125.0,g,0,125.0,no-pack,Nature,Grocery,Nature_Grocery,3.92,PKR/g,490.0
Alfatah,DAALI ZIARAT MULTI FLORAL HONEY 370 GM,1500.0,https://cdn.shopify.com/s/files/1/0777/0954/1664/files/3339786833708_8cc9f9c4-a579-4b3d-b141-0cc28eab3e68.jpg?v=1742207018,https://alfatah.pk/products/daali-ziarat-multi-floral-honey-370-gm,370.0,g,0,370.0,no-pack,Daali,Grocery,Daali_Grocery,4.054054054054054,PKR/g,1500.0
Alfatah,DOWN UNDER MANUKA HONEY MGO356+ 250 GM,13500.0,https://cdn.shopify.com/s/files/1/0777/0954/1664/files/9421906276688_86e7f827-a8de-4463-9ce7-3f09dd340461.jpg?v=1730547959,https://alfatah.pk/products/down-under-manuka-honey-mgo356-250-gm,250.0,g,0,250.0,no-pack,Down,Grocery,Down_Grocery,54.0,PKR/g,13500.0
Alfatah,SALMANS SIDR HONEY 100% PURE 500 GM,2695.0,https://cdn.shopify.com/s/files/1/0777/0954/1664/files/AFP-000163043.jpg?v=1757506262,https://alfatah.pk/products/salmans-sidr-honey-100-pure-500-gm,500.0,g,0,500.0,no-pack,Salmans,Grocery,Salmans_Grocery,5.39,PKR/g,2695.0
Alfatah,AL SHIFA HONEY NATURAL BOTTLE 250 GM,1335.0,https://cdn.shopify.com/s/files/1/0777/0954/1664/files/6281073211065.jpg?v=1690207890,https://alfatah.pk/products/al-shifa-honey-natural-bottle-250-gm,250.0,g,0,250.0,no-pack,Al,Grocery,Al_Grocery,5.34,PKR/g,1335.0
Alfatah,YOUNGS BEE HIVES HONEY POUCH 400 GM,795.0,https://cdn.shopify.com/s/files/1/0777/0954/1664/files/8964000061770.jpg?v=1690229967,https://alfatah.pk/products/youngs-bee-hives-honey-pouch-400-gm,400.0,g,0,400.0,no-pack,Youngs,Grocery,Youngs_Grocery,1.9875,PKR/g,795.0
Alfatah,YOUNGS BEE HIVES HONEY BOTTLE 450 GM,1045.0,https://cdn.shopify.com/s/files/1/0777/0954/1664/files/NewProject_16080672-850e-4e6c-b3dc-3b7896907970.jpg?v=1763986057,https://alfatah.pk/products/youngs-bee-hives-honey-bottle-450-gm,450.0,g,0,450.0,no-pack,Youngs,Grocery,Youngs_Grocery,2.3222222222222224,PKR/g,1045.0
Alfatah,YOUNGS BEE HIVES HONEY BOTTLE 250 GM,635.0,https://cdn.shopify.com/s/files/1/0777/0954/1664/files/8964000061749.jpg?v=1690229960,https://alfatah.pk/products/youngs-bee-hives-honey-bottle-250-gm,250.0,g,0,250.0,no-pack,Youngs,Grocery,Youngs_Grocery,2.54,PKR/g,635.0
Alfatah,MAC LIPSTICK HONEY LOVE MATTE 3 GM,7495.0,https://cdn.shopify.com/s/files/1/0777/0954/1664/files/773602077526.jpg?v=1693176120,https://alfatah.pk/products/mac-lipstick-honey-love-matte-3-gm,3.0,g,0,3.0,no-pack,Mac,Grocery,Mac_Grocery,2498.3333333333335,PKR/g,7495.0
Alfatah,FLORMAR C.POWDER CPW NP-103 HONEY 11GM,1733.0,https://cdn.shopify.com/s/files/1/0777/0954/1664/files/8682536051392_631b4749-8fc3-4f15-8d3a-a55a1a04f196.jpg?v=1763383198,https://alfatah.pk/products/flormar-c-powder-cpw-np-103-honey-11gm,11.0,g,0,11.0,no-pack,Flormar,Grocery,Flormar_Grocery,157.54545454545453,PKR/g,1733.0
Alfatah,WOKALI BODY SCRUB HONEY 500 GM WKL218,1795.0,https://cdn.shopify.com/s/files/1/0777/0954/1664/files/6928001829779_608d7c0c-2d85-4431-87ec-ff6908a52d69.jpg?v=1722340798,https://alfatah.pk/products/wokali-body-scrub-honey-500-gm-wkl218,500.0,g,0,500.0,no-pack,Wokali,Grocery,Wokali_Grocery,3.59,PKR/g,1795.0
Alfatah,LAYS CHIPS HONEY BARBECUE 184.2 GM BASIC,2395.0,https://cdn.shopify.com/s/files/1/0777/0954/1664/files/NewProject_70_65d41708-4f39-4ac9-ad12-47d20687fbc4.png?v=1745560065,https://alfatah.pk/products/lays-chips-honey-barbecue-184-2-gm-basic,184.2,g,0,184.2,no-pack,Lays,Grocery,Lays_Grocery,13.002171552660153,PKR/g,2395.0
Alfatah,DOWN UNDER MANUKA HONEY WITH LEMON 250 GM,7500.0,https://cdn.shopify.com/s/files/1/0777/0954/1664/files/9421906276329_d59695db-fcc2-4d2a-a0d1-a52cd7d59a19.jpg?v=1730547949,https://alfatah.pk/products/down-under-manuka-honey-with-lemon-250-gm,250.0,g,0,250.0,no-pack,Down,Grocery,Down_Grocery,30.0,PKR/g,7500.0
Alfatah,HERO SPRING BLOSSOM HONEY 500GM,2495.0,https://cdn.shopify.com/s/files/1/0777/0954/1664/files/6221024992612_1.jpg?v=1690216587,https://alfatah.pk/products/hero-spring-blossom-honey-500gm,500.0,g,0,500.0,no-pack,Hero,Grocery,Hero_Grocery,4.99,PKR/g,2495.0
Alfatah,DOWN UNDER MANUKA HONEY MGO 263+ 250 GM,11900.0,https://cdn.shopify.com/s/files/1/0777/0954/1664/files/9421906276664_5ec0d86a-e59b-467c-a96c-b6bfa7380231.jpg?v=1730547956,https://alfatah.pk/products/down-under-manuka-honey-mgo-263-250-gm,250.0,g,0,250.0,no-pack,Down,Grocery,Down_Grocery,47.6,PKR/g,11900.0
Alfatah,AL SHIFA HONEY NATURAL PACK 2PC 625 GM,2695.0,https://cdn.shopify.com/s/files/1/0777/0954/1664/files/6281073210198_d24913d0-31fe-4922-beb8-f7e5f6202dff.jpg?v=1759494070,https://alfatah.pk/products/al-shifa-honey-natural-pack-2pc-625-gm,625.0,g,2,625.0,,Al,Grocery,Al_Grocery,4.312,PKR/g,1347.5
Alfatah,KELLOGGS CEREAL CORN FLAKES HONEY & NUTS 375 GM,1645.0,https://cdn.shopify.com/s/files/1/0777/0954/1664/files/5053827185226_fad5be4e-e51a-4eb6-b245-71d4620ae930.jpg?v=1758374267,https://alfatah.pk/products/kelloggs-cereal-corn-flakes-honey-nuts-375-gm,375.0,g,0,375.0,no-pack,Kelloggs,Grocery,Kelloggs_Grocery,4.386666666666667,PKR/g,1645.0
Alfatah,PREP UP GOLD OATS MILK HONEY 175 GM,545.0,https://cdn.shopify.com/s/files/1/0777/0954/1664/files/7531803359406_32fdada6-bb6d-4372-ad23-51c1b2d10c35.jpg?v=1750336249,https://alfatah.pk/products/prep-up-gold-oats-milk-honey-175-gm,175.0,g,0,175.0,no-pack,Prep,Grocery,Prep_Grocery,3.1142857142857143,PKR/g,545.0
Alfatah,N HUG GRANOLA HONEY ALMOND CEREAL 330 GM,1995.0,https://cdn.shopify.com/s/files/1/0777/0954/1664/files/644925484424_9d9dc3f3-50b9-41b4-8a5f-3eb1fc206b64.jpg?v=1742902270,https://alfatah.pk/products/n-hug-granola-honey-almond-cereal-300-gm,330.0,g,0,330.0,no-pack,N,Grocery,N_Grocery,6.045454545454546,PKR/g,1995.0
Alfatah,RELOAD HONEY CARDAMOM & ALMOND GRANOLA BAR 40 GM,180.0,https://cdn.shopify.com/s/files/1/0777/0954/1664/files/8966000068438_7ece6a65-f250-417a-b0c9-bee9f11d20dd.jpg?v=1741947781,https://alfatah.pk/products/reload-honey-cardamom-almond-granola-bar-40-gm,40.0,g,0,40.0,no-pack,Reload,Grocery,Reload_Grocery,4.5,PKR/g,180.0
Alfatah,QARSHI JOHAR JOSHANDA EXTRA STRENGTH HONEY 5 GM,23.0,https://cdn.shopify.com/s/files/1/0777/0954/1664/files/855434009712_9cdd34cc-2a0a-4db0-9c05-a5a593151fda.jpg?v=1739260587,https://alfatah.pk/products/qarshi-johar-joshanda-extra-strength-honey-5-gm,5.0,g,0,5.0,no-pack,Qarshi,Grocery,Qarshi_Grocery,4.6,PKR/g,23.0
Alfatah,SEARLE PREP-UP WHEAT MILK AND HONEY 6MONTHS 175GM,445.0,https://cdn.shopify.com/s/files/1/0777/0954/1664/files/AFP-000332649.jpg?v=1744892392,https://alfatah.pk/products/searle-prep-up-wheat-milk-and-honey-6months-175gm,175.0,g,0,175.0,no-pack,Searle,Grocery,Searle_Grocery,2.5428571428571427,PKR/g,445.0
Alfatah,HARMONY SOAP FRUITY REFRESHING MELON HONEY DEW 70 GM,105.0,https://cdn.shopify.com/s/files/1/0777/0954/1664/files/8993379200879_a83626a4-0a9b-46c2-a378-5db7ca138b88.jpg?v=1735996869,https://alfatah.pk/products/harmony-soap-fruity-refreshing-melon-honey-dew-70-gm,70.0,g,0,70.0,no-pack,Harmony,Grocery,Harmony_Grocery,1.5,PKR/g,105.0
Alfatah,FLORMAR BAKED POWDER BPW NP-034 HONEY BEIGE 9GM,3241.0,https://cdn.shopify.com/s/files/1/0777/0954/1664/files/8682536053617_43d8cd0d-b0bb-4229-8abd-be903db3be20.jpg?v=1763383208,https://alfatah.pk/products/flormar-baked-powder-bpw-np-034-honey-beige-9gm,9.0,g,0,9.0,no-pack,Flormar,Grocery,Flormar_Grocery,360.1111111111111,PKR/g,3241.0
Alfatah,TROPICANA SLIM STEVIA SWEETENER SWEET HONEY 100S 200 GM,1895.0,https://cdn.shopify.com/s/files/1/0777/0954/1664/files/8994452690464_cda63a88-7d8c-41db-b4cc-8b5797a15df2.jpg?v=1754916212,https://alfatah.pk/products/tropicana-slim-stevia-sweetener-sweet-honey-100s-200-gm,200.0,g,0,200.0,no-pack,Tropicana,Grocery,Tropicana_Grocery,9.475,PKR/g,1895.0
Alfatah,TROPICANA SLIM STEVIA SWEETENER SWEET HONEY 50S 100 GM,1045.0,https://cdn.shopify.com/s/files/1/0777/0954/1664/files/749921063380_de642d57-2854-45c2-b2dc-3864e0c62fea.jpg?v=1754916207,https://alfatah.pk/products/tropicana-slim-stevia-sweetener-sweet-honey-50s-100-gm,100.0,g,0,100.0,no-pack,Tropicana,Grocery,Tropicana_Grocery,10.45,PKR/g,1045.0
Alfatah,CLINQUE SOFT PRESSED POWDER BLUSH 02 HONEY BLUSH 7.6G,8495.0,https://cdn.shopify.com/s/files/1/0777/0954/1664/files/020714052621_b073ca48-bfc2-43bb-821b-648d3d37f91f.jpg?v=1734677745,https://alfatah.pk/products/clinque-soft-pressed-powder-blush-02-honey-blush-7-6g,7.6,g,0,7.6,no-pack,Clinque,Grocery,Clinque_Grocery,1117.7631578947369,PKR/g,8495.0
Alfatah,MUSARRAT MISBAH SILK PRESSED POWDER DEEP HONEY 14 GM,2515.0,https://cdn.shopify.com/s/files/1/0777/0954/1664/files/AFP-000431572-1000.png?v=1693170718,https://alfatah.pk/products/musarrat-misbah-silk-pressed-powder-deep-honey-14-grams,14.0,g,0,14.0,no-pack,Musarrat,Grocery,Musarrat_Grocery,179.64285714285714,PKR/g,2515.0
Alfatah,CAPRI ALOE NURTURE EXTRACTS HONEY & MILK SOAP 150 GM,170.0,https://cdn.shopify.com/s/files/1/0777/0954/1664/files/NewProject-2025-09-23T125115.246.png?v=1758613902,https://alfatah.pk/products/capri-aloe-nurture-extracts-honey-milk-soap-160-gm,150.0,g,0,150.0,no-pack,Capri,Grocery,Capri_Grocery,1.1333333333333333,PKR/g,170.0
Alfatah,TAPAL GREEN TEA BAGS GINGER HONEY 30PCS 45 GM,240.0,https://cdn.shopify.com/s/files/1/0777/0954/1664/files/AFP-000281820.jpg?v=1743668022,https://alfatah.pk/products/tapal-green-tea-bags-ginger-honey-30pcs-45-gm,45.0,g,30,45.0,,Tapal,Grocery,Tapal_Grocery,5.333333333333333,PKR/g,8.0
Alfatah,HUDA BEAUTY POWER BULLET MATTE LIPSTICK HONEY MOON 3 GM,9900.0,https://cdn.shopify.com/s/files/1/0777/0954/1664/files/AFP-000253252.png?v=1693178433,https://alfatah.pk/products/huda-beauty-power-bullet-matte-lipstick-honey-moon-3-gm,3.0,g,0,3.0,no-pack,Huda,Grocery,Huda_Grocery,3300.0,PKR/g,9900.0
Alfatah,AHMAD TEA BAGS SLEEP CAMOMILE HONEY & LAVENDER 20S 30 GM,745.0,https://cdn.shopify.com/s/files/1/0777/0954/1664/files/NewProject_5_df6a41f0-b308-44d8-81ef-683c3e774c53.png?v=1738588455,https://alfatah.pk/products/ahmad-tea-bags-sleep-camomile-honey-lavender-20s-30-gm,30.0,g,0,30.0,no-pack,Ahmad,Grocery,Ahmad_Grocery,24.833333333333332,PKR/g,745.0
Alfatah,KETTLE CHIPS HONEY MATURE CHEDDAR CHEESE RED & ONION 130 GM,1595.0,https://cdn.shopify.com/s/files/1/0777/0954/1664/files/8718781203436_d75a9a8a-8e95-42ec-ae85-a03c115b96fc.jpg?v=1756466719,https://alfatah.pk/products/kettle-chips-honey-mature-cheddar-cheese-red-onion-130-gm,130.0,g,0,130.0,no-pack,Kettle,Grocery,Kettle_Grocery,12.26923076923077,PKR/g,1595.0
Alfatah,RIVAJ NATURAL HONEY BEADS HARD WAX 150 GM,575.0,https://cdn.shopify.com/s/files/1/0777/0954/1664/files/5060453454343.jpg?v=1703245004,https://alfatah.pk/products/rivaj-natural-honey-beads-hard-wax-150-gm,150.0,g,0,150.0,no-pack,Rivaj,Grocery,Rivaj_Grocery,3.8333333333333335,PKR/g,575.0
Alfatah,RIVAJ ROSE HONEY BEADS HARD WAX 150 GM,575.0,https://cdn.shopify.com/s/files/1/0777/0954/1664/files/5060453454350.jpg?v=1703245004,https://alfatah.pk/products/rivaj-rose-honey-beads-hard-wax-150-gm,150.0,g,0,150.0,no-pack,Rivaj,Grocery,Rivaj_Grocery,3.8333333333333335,PKR/g,575.0
Alfatah,TOBLERONE CHOCOLATE BAR MILK HONEY & ALMOND NOUCAT 100 GM,895.0,https://cdn.shopify.com/s/files/1/0777/0954/1664/files/7614500010013_2.jpg?v=1738672677,https://alfatah.pk/products/toblerone-milk-chocolate-with-honey-almond-100-gm,100.0,g,0,100.0,no-pack,Toblerone,Grocery,Toblerone_Grocery,8.95,PKR/g,895.0
Alfatah,ELF SQUEEZE ME LIP BALM HONEYDEW 6G,2495.0,https://cdn.shopify.com/s/files/1/0777/0954/1664/files/609332819627_5f6ca1ce-b1b1-4bdd-8898-6681b80c49f2.jpg?v=1744895668,https://alfatah.pk/products/elf-squeeze-me-lip-balm-honeydew-6g,6.0,g,0,6.0,no-pack,Elf,Grocery,Elf_Grocery,415.8333333333333,PKR/g,2495.0
Metro,Youngs Honey Pet Bottle 1KG,1649.0,https://www.metro-online.pk/_next/image?url=%2F_next%2Fstatic%2Fmedia%2FExpres%20icon.74d0dbb5.png&w=3840&q=75,,1.0,kg,0,1000.0,no-pack,Youngs,Grocery,Youngs_Grocery,1.649,PKR/g,1649.0
Metro,Young's Beehives Honey 170GM,470.0,https://www.metro-online.pk/_next/image?url=%2F_next%2Fstatic%2Fmedia%2FExpres%20icon.74d0dbb5.png&w=3840&q=75,,170.0,g,0,170.0,no-pack,Youngs,Grocery,Youngs_Grocery,2.764705882352941,PKR/g,470.0
Metro,Young Natural Honey 125 GM,370.0,https://www.metro-online.pk/_next/image?url=%2F_next%2Fstatic%2Fmedia%2FExpres%20icon.74d0dbb5.png&w=3840&q=75,,125.0,g,0,125.0,no-pack,Young,Grocery,Young_Grocery,2.96,PKR/g,370.0
Metro,Fine Life Beri Honey 425 GM,1869.0,https://www.metro-online.pk/_next/image?url=%2F_next%2Fstatic%2Fmedia%2FExpres%20icon.74d0dbb5.png&w=3840&q=75,,425.0,g,0,425.0,no-pack,Fine,Grocery,Fine_Grocery,4.397647058823529,PKR/g,1869.0
Metro,Fine Life Natural Honey 425GM,720.0,,,425.0,g,0,425.0,no-pack,Fine,Grocery,Fine_Grocery,1.6941176470588235,PKR/g,720.0
Metro,Young Natural Honey 250 GM,630.0,,,250.0,g,0,250.0,no-pack,Young,Grocery,Young_Grocery,2.52,PKR/g,630.0
Metro,Young Natural Honey 500 GM,1100.0,https://www.metro-online.pk/_next/image?url=%2F_next%2Fstatic%2Fmedia%2FExpres%20icon.74d0dbb5.png&w=3840&q=75,,500.0,g,0,500.0,no-pack,Young,Grocery,Young_Grocery,2.2,PKR/g,1100.0
Metro,Fine Life Honey 4.2KG,5499.0,https://www.metro-online.pk/_next/image?url=%2F_next%2Fstatic%2Fmedia%2FExpres%20icon.74d0dbb5.png&w=3840&q=75,,4.2,kg,0,4200.0,no-pack,Fine,Grocery,Fine_Grocery,1.3092857142857144,PKR/g,5499.0
Metro,Fine Life Honey Acacia 1KG,1449.0,https://www.metro-online.pk/_next/image?url=%2F_next%2Fstatic%2Fmedia%2FExpres%20icon.74d0dbb5.png&w=3840&q=75,,1.0,kg,0,1000.0,no-pack,Fine,Grocery,Fine_Grocery,1.449,PKR/g,1449.0
Metro,Beehives Honey Squeeze Bottle 450GM,1100.0,https://www.metro-online.pk/_next/image?url=%2F_next%2Fstatic%2Fmedia%2FExpres%20icon.74d0dbb5.png&w=3840&q=75,,450.0,g,0,450.0,no-pack,Beehives,Grocery,Beehives_Grocery,2.4444444444444446,PKR/g,1100.0
Metro,FAUJI Honey Corn Flakes 250GM,690.0,https://www.metro-online.pk/_next/image?url=%2F_next%2Fstatic%2Fmedia%2FExpres%20icon.74d0dbb5.png&w=3840&q=75,,250.0,g,0,250.0,no-pack,Fauji,Grocery,Fauji_Grocery,2.76,PKR/g,690.0
Metro,Langnese Honey 125GM,925.0,https://www.metro-online.pk/_next/image?url=%2F_next%2Fstatic%2Fmedia%2FExpres%20icon.74d0dbb5.png&w=3840&q=75,,125.0,g,0,125.0,no-pack,Langnese,Grocery,Langnese_Grocery,7.4,PKR/g,925.0
Metro,Langnese Honey 500 GM,3095.0,https://www.metro-online.pk/_next/image?url=%2F_next%2Fstatic%2Fmedia%2FExpres%20icon.74d0dbb5.png&w=3840&q=75,,500.0,g,0,500.0,no-pack,Langnese,Grocery,Langnese_Grocery,6.19,PKR/g,3095.0
Metro,Langnese Honey 250 GM,1695.0,https://www.metro-online.pk/_next/image?url=%2F_next%2Fstatic%2Fmedia%2FExpres%20icon.74d0dbb5.png&w=3840&q=75,,250.0,g,0,250.0,no-pack,Langnese,Grocery,Langnese_Grocery,6.78,PKR/g,1695.0
Metro,YOUNGS Beehives Honey Bottle 250GM,670.0,https://www.metro-online.pk/_next/image?url=%2F_next%2Fstatic%2Fmedia%2FExpres%20icon.74d0dbb5.png&w=3840&q=75,,250.0,g,0,250.0,no-pack,Youngs,Grocery,Youngs_Grocery,2.68,PKR/g,670.0
Metro,Melon Honey Dew White Per 250GM,30.0,https://www.metro-online.pk/_next/image?url=%2F_next%2Fstatic%2Fmedia%2FExpres%20icon.74d0dbb5.png&w=3840&q=75,,250.0,g,0,250.0,no-pack,Melon,Grocery,Melon_Grocery,0.12,PKR/g,30.0
Imtiaz,Langnese Honey 125G,745.0,https://shop.imtiaz.com.pk/_next/image?url=https%3A%2F%2Fimtiaz-i.s3.ap-southeast-1.amazonaws.com%2F55126%2Fgallery%2FEDG190000553.jpg&w=3840&q=90,,125.0,g,0,125.0,no-pack,Langnese,Grocery,Langnese_Grocery,5.96,PKR/g,745.0
Imtiaz,N Swat Honey 1000g,819.0,https://shop.imtiaz.com.pk/_next/image?url=https%3A%2F%2Fimtiaz-i.s3.ap-southeast-1.amazonaws.com%2F55126%2Fgallery%2FEDG190000550.jpg&w=3840&q=90,,1000.0,g,0,1000.0,no-pack,N,Grocery,N_Grocery,0.819,PKR/g,819.0
Imtiaz,Langnese Honey 250G,1355.0,https://shop.imtiaz.com.pk/_next/image?url=https%3A%2F%2Fimtiaz-i.s3.ap-southeast-1.amazonaws.com%2F55126%2Fgallery%2FEDG190000537.jpg&w=3840&q=90,,250.0,g,0,250.0,no-pack,Langnese,Grocery,Langnese_Grocery,5.42,PKR/g,1355.0
Imtiaz,Langnese Honey 500g,2449.0,https://shop.imtiaz.com.pk/_next/image?url=https%3A%2F%2Fimtiaz-i.s3.ap-southeast-1.amazonaws.com%2F55126%2Fgallery%2FEDG190000536.jpg&w=3840&q=90,,500.0,g,0,500.0,no-pack,Langnese,Grocery,Langnese_Grocery,4.898,PKR/g,2449.0
Imtiaz,Langnese Honey 375G,1949.0,https://shop.imtiaz.com.pk/_next/image?url=https%3A%2F%2Fimtiaz-i.s3.ap-southeast-1.amazonaws.com%2F55126%2Fgallery%2FEDG190000836.jpg&w=3840&q=90,,375.0,g,0,375.0,no-pack,Langnese,Grocery,Langnese_Grocery,5.197333333333333,PKR/g,1949.0
Imtiaz,Langnese Honey Acacia 500g,3419.0,https://shop.imtiaz.com.pk/_next/image?url=https%3A%2F%2Fimtiaz-i.s3.ap-southeast-1.amazonaws.com%2F55126%2Fgallery%2FEDG190000830.jpg&w=3840&q=90,,500.0,g,0,500.0,no-pack,Langnese,Grocery,Langnese_Grocery,6.838,PKR/g,3419.0
Imtiaz,Langnese Honey Black Forest 500g,3727.0,https://shop.imtiaz.com.pk/_next/image?url=https%3A%2F%2Fimtiaz-i.s3.ap-southeast-1.amazonaws.com%2F55126%2Fgallery%2FEDG190000557.jpg&w=3840&q=90,,500.0,g,0,500.0,no-pack,Langnese,Grocery,Langnese_Grocery,7.454,PKR/g,3727.0
Imtiaz,Capri Soap Aloevera&Honey 150g Yellow,149.0,https://shop.imtiaz.com.pk/_next/image?url=https%3A%2F%2Fimtiaz-i.s3.ap-southeast-1.amazonaws.com%2F55126%2Fdish_image%2F1754634424.jpg&w=3840&q=90,,150.0,g,0,150.0,no-pack,Capri,Grocery,Capri_Grocery,0.9933333333333333,PKR/g,149.0
Imtiaz,Capri Soap Aloevera&Honey Yellow 3x150g,399.0,https://shop.imtiaz.com.pk/_next/image?url=https%3A%2F%2Fimtiaz-i.s3.ap-southeast-1.amazonaws.com%2F55126%2Fdish_image%2F1754634225.jpg&w=3840&q=90,,150.0,g,0,150.0,no-pack,Capri,Grocery,Capri_Grocery,2.66,PKR/g,399.0
Imtiaz,Young's Honey 125g,319.0,https://shop.imtiaz.com.pk/_next/image?url=https%3A%2F%2Fimtiaz-i.s3.ap-southeast-1.amazonaws.com%2F55126%2Fgallery%2FEDG190000587.jpg&w=3840&q=90,,125.0,g,0,125.0,no-pack,Youngs,Grocery,Youngs_Grocery,2.552,PKR/g,319.0
Imtiaz,Ponam Honey Natural 250g,439.0,https://shop.imtiaz.com.pk/_next/image?url=https%3A%2F%2Fimtiaz-i.s3.ap-southeast-1.amazonaws.com%2F55126%2Fgallery%2FEDG190001270.jpg&w=3840&q=90,,250.0,g,0,250.0,no-pack,Ponam,Grocery,Ponam_Grocery,1.756,PKR/g,439.0
Imtiaz,Prep Up Cereal Wheat Milk & Honey 175G,455.0,https://shop.imtiaz.com.pk/_next/image?url=https%3A%2F%2Fimtiaz-i.s3.ap-southeast-1.amazonaws.com%2F55126%2Fgallery%2FEDG190001545.jpg&w=3840&q=90,,175.0,g,0,175.0,no-pack,Prep,Grocery,Prep_Grocery,2.6,PKR/g,455.0
Imtiaz,N Swat Honey 500G,455.0,"data:image/gif;base64,R0lGODlhAQABAIAAAAAAAP///yH5BAEAAAAALAAAAAABAAEAAAIBRAA7",,500.0,g,0,500.0,no-pack,N,Grocery,N_Grocery,0.91,PKR/g,455.0
Imtiaz,N Swat Honey 250g,225.0,"data:image/gif;base64,R0lGODlhAQABAIAAAAAAAP///yH5BAEAAAAALAAAAAABAAEAAAIBRAA7",,250.0,g,0,250.0,no-pack,N,Grocery,N_Grocery,0.9,PKR/g,225.0
Imtiaz,Capri Soap Aloevera&Honey 100g Yellow,87.0,"data:image/gif;base64,R0lGODlhAQABAIAAAAAAAP///yH5BAEAAAAALAAAAAABAAEAAAIBRAA7",,100.0,g,0,100.0,no-pack,Capri,Grocery,Capri_Grocery,0.87,PKR/g,87.0
Imtiaz,Capri Soap Aloevera&Honey 120g Yellow,122.0,"data:image/gif;base64,R0lGODlhAQABAIAAAAAAAP///yH5BAEAAAAALAAAAAABAAEAAAIBRAA7",,120.0,g,0,120.0,no-pack,Capri,Grocery,Capri_Grocery,1.0166666666666666,PKR/g,122.0
Imtiaz,Capri Soap Aloevera&Honey 3x120g Yellow,339.0,"data:image/gif;base64,R0lGODlhAQABAIAAAAAAAP///yH5BAEAAAAALAAAAAABAAEAAAIBRAA7",,120.0,g,0,120.0,no-pack,Capri,Grocery,Capri_Grocery,2.825,PKR/g,339.0
Imtiaz,Ponam Honey Natural 500G,749.0,"data:image/gif;base64,R0lGODlhAQABAIAAAAAAAP///yH5BAEAAAAALAAAAAABAAEAAAIBRAA7",,500.0,g,0,500.0,no-pack,Ponam,Grocery,Ponam_Grocery,1.498,PKR/g,749.0
Imtiaz,Langnese Honey 1000g,4529.0,"data:image/gif;base64,R0lGODlhAQABAIAAAAAAAP///yH5BAEAAAAALAAAAAABAAEAAAIBRAA7",,1000.0,g,0,1000.0,no-pack,Langnese,Grocery,Langnese_Grocery,4.529,PKR/g,4529.0
Imtiaz,Langnese Honey Black Forest 1000g,7154.0,"data:image/gif;base64,R0lGODlhAQABAIAAAAAAAP///yH5BAEAAAAALAAAAAABAAEAAAIBRAA7",,1000.0,g,0,1000.0,no-pack,Langnese,Grocery,Langnese_Grocery,7.154,PKR/g,7154.0
Imtiaz,HibaLife Honey 600g,1949.0,"data:image/gif;base64,R0lGODlhAQABAIAAAAAAAP///yH5BAEAAAAALAAAAAABAAEAAAIBRAA7",,600.0,g,0,600.0,no-pack,Hibalife,Grocery,Hibalife_Grocery,3.2483333333333335,PKR/g,1949.0
Carrefour,LifeStyle Honey 1Kg,1440.0,https://cdn.mafrservices.com/sys-master-root/hd0/h42/9897038741534/55078_main.jpg?im=Resize=400,https://www.carrefour.pk/mafpak/en/flavoured-honey/lifestyle-golden-honey-1000gm/p/55078,1.0,kg,0,1000.0,no-pack,Lifestyle,Grocery,Lifestyle_Grocery,1.44,PKR/g,1440.0
Carrefour,LifeStyle Honey 500g,770.0,https://cdn.mafrservices.com/sys-master-root/h37/hb3/9897037561886/55079_main.jpg?im=Resize=400,https://www.carrefour.pk/mafpak/en/flavoured-honey/lifestyle-golden-honey-500gm/p/55079,500.0,g,0,500.0,no-pack,Lifestyle,Grocery,Lifestyle_Grocery,1.54,PKR/g,770.0
Carrefour,Marhaba Pure Honey 1kg,1420.0,https://cdn.mafrservices.com/sys-master-root/hf3/h42/9839820832798/54723_main.jpg?im=Resize=400,https://www.carrefour.pk/mafpak/en/flavoured-honey/marhaba-honey-1kg/p/54723,1.0,kg,0,1000.0,no-pack,Marhaba,Grocery,Marhaba_Grocery,1.42,PKR/g,1420.0
Carrefour,HEMANI HONEY WITH BLACKSEED 250GM,619.0,https://cdn.mafrservices.com/sys-master-root/hcf/h30/14857397927966/242104_main.jpg?im=Resize=400,https://www.carrefour.pk/mafpak/en/loose-honey/hemani-honey-with-blackseed-250gm/p/242104,250.0,g,0,250.0,no-pack,Hemani,Grocery,Hemani_Grocery,2.476,PKR/g,619.0
Carrefour,AlShifa Acacia Honey 500g,3349.0,https://cdn.mafrservices.com/sys-master-root/h57/h36/9897089794078/126436_main.jpg?im=Resize=400,https://www.carrefour.pk/mafpak/en/loose-honey/al-shifa-acacia-honey-500g/p/126436,500.0,g,0,500.0,no-pack,Alshifa,Grocery,Alshifa_Grocery,6.698,PKR/g,3349.0
Carrefour,AlShifa Acacia Honey 250g,2449.0,https://cdn.mafrservices.com/sys-master-root/h63/h9a/14052196614174/183093_main.jpg?im=Resize=400,https://www.carrefour.pk/mafpak/en/loose-honey/alshifa-acacia-honey-bot-250gm/p/183093,250.0,g,0,250.0,no-pack,Alshifa,Grocery,Alshifa_Grocery,9.796,PKR/g,2449.0
Carrefour,Nature Bliss Natural Honey 1 kg,1299.0,https://cdn.mafrservices.com/sys-master-root/hf9/hc3/50481256890398/272551_main.jpg?im=Resize=400,https://www.carrefour.pk/mafpak/en/natural-honey/nature-bliss-natural-honey-1000gm/p/272551,1.0,kg,0,1000.0,no-pack,Nature,Grocery,Nature_Grocery,1.299,PKR/g,1299.0
Carrefour,Youngs Bee Hives Natural Honey 250 g,670.0,https://cdn.mafrservices.com/sys-master-root/h32/ha7/9839775481886/165188_main.jpg?im=Resize=400,https://www.carrefour.pk/mafpak/en/natural-honey/youngs-behives-hony-squez-250g/p/165188,250.0,g,0,250.0,no-pack,Youngs,Grocery,Youngs_Grocery,2.68,PKR/g,670.0
Carrefour,Salman's Pak-Honey 100% Pure 500g,770.0,https://cdn.mafrservices.com/sys-master-root/h8c/h60/10232345919518/11664_main.jpg?im=Resize=400,https://www.carrefour.pk/mafpak/en/flavoured-honey/salman-s-pak-honey-glass-jar-500g/p/11664,500.0,g,0,500.0,no-pack,Salmans,Grocery,Salmans_Grocery,1.54,PKR/g,770.0
Carrefour,Salman's Pak-Honey Glass Jar 1 kg,1480.0,https://cdn.mafrservices.com/sys-master-root/h9a/h46/9839795470366/11666_main.jpg?im=Resize=400,https://www.carrefour.pk/mafpak/en/flavoured-honey/salman-s-pak-honey-glass-jar-1kg/p/11666,1.0,kg,0,1000.0,no-pack,Salmans,Grocery,Salmans_Grocery,1.48,PKR/g,1480.0
